2025.07.29 21:19:18 INFO  Started: Metals version 1.6.0 in folders '/home/qiu/chisel/mychisel' for client Visual Studio Code 1.96.2.[0m
2025.07.29 21:19:28 INFO  running '/usr/bin/sbt -Dbloop.export-jar-classifiers=sources bloopInstall'[0m
2025.07.29 21:19:29 WARN  no build target for: /home/qiu/chisel/mychisel/project/metals.sbt[0m
2025.07.29 21:19:29 INFO  no build target found for /home/qiu/chisel/mychisel/project/metals.sbt. Using presentation compiler with project's scala-library version: 3.3.6[0m
2025.07.29 21:19:29 ERROR [info] [launcher] getting org.scala-sbt sbt 1.9.7  (this may take some time)...[0m
2025.07.29 21:19:45 ERROR [info] [launcher] getting Scala 2.12.18 (for sbt)...[0m
2025.07.29 21:19:48 INFO  [info] welcome to sbt 1.9.7 (Eclipse Adoptium Java 17.0.15)[0m
2025.07.29 21:19:57 INFO  [info] loading settings for project mychisel-build-build-build from metals.sbt ...[0m
2025.07.29 21:19:59 INFO  [info] loading project definition from /home/qiu/chisel/mychisel/project/project/project[0m
2025.07.29 21:20:01 INFO  [info] loading settings for project mychisel-build-build from metals.sbt ...[0m
2025.07.29 21:20:01 INFO  [info] loading project definition from /home/qiu/chisel/mychisel/project/project[0m
2025.07.29 21:20:07 INFO  [success] Generated .bloop/mychisel-build-build.json[0m
2025.07.29 21:20:07 INFO  [success] Total time: 7 s, completed 29 Jul 2025, 21:20:08[0m
2025.07.29 21:20:07 INFO  [info] loading settings for project mychisel-build from metals.sbt,plugins.sbt ...[0m
2025.07.29 21:20:07 INFO  [info] loading project definition from /home/qiu/chisel/mychisel/project[0m
2025.07.29 21:20:09 INFO  [success] Total time: 1 s, completed 29 Jul 2025, 21:20:09[0m
2025.07.29 21:20:09 INFO  [info] loading settings for project root from build.sbt ...[0m
2025.07.29 21:20:09 INFO  [info] set current project to mychisel (in build file:/home/qiu/chisel/mychisel/)[0m
2025.07.29 21:20:23 INFO  [success] Generated .bloop/root.json[0m
2025.07.29 21:20:23 INFO  [success] Generated .bloop/root-test.json[0m
2025.07.29 21:20:23 INFO  [success] Total time: 13 s, completed 29 Jul 2025, 21:20:23[0m
2025.07.29 21:20:24 INFO  no build target found for /home/qiu/chisel/mychisel/src/main/scala/gcd/GCD.scala. Using presentation compiler with project's scala-library version: 3.3.6[0m
2025.07.29 21:20:24 INFO  no build target found for /home/qiu/chisel/mychisel/src/main/scala/gcd/GCD.scala. Using presentation compiler with project's scala-library version: 3.3.6[0m
2025.07.29 21:20:24 INFO  time: ran 'sbt bloopInstall' in 55s[0m
2025.07.29 21:20:24 INFO  Attempting to connect to the build server...[0m
2025.07.29 21:20:24 INFO  Found a Bloop server running[0m
2025.07.29 21:20:24 INFO  tracing is disabled for protocol BSP, to enable tracing of incoming and outgoing JSON messages create an empty file at /home/qiu/chisel/mychisel/.metals/bsp.trace.json or /home/qiu/.cache/metals/bsp.trace.json[0m
2025.07.29 21:20:26 INFO  no build target found for /home/qiu/chisel/mychisel/src/main/scala/gcd/GCD.scala. Using presentation compiler with project's scala-library version: 3.3.6[0m
2025.07.29 21:20:27 INFO  no build target found for /home/qiu/chisel/mychisel/src/main/scala/gcd/GCD.scala. Using presentation compiler with project's scala-library version: 3.3.6[0m
2025.07.29 21:20:27 INFO  no build target found for /home/qiu/chisel/mychisel/src/main/scala/gcd/GCD.scala. Using presentation compiler with project's scala-library version: 3.3.6[0m
2025.07.29 21:20:27 INFO  no build target found for /home/qiu/chisel/mychisel/src/main/scala/gcd/GCD.scala. Using presentation compiler with project's scala-library version: 3.3.6[0m
2025.07.29 21:20:27 INFO  no build target found for /home/qiu/chisel/mychisel/src/main/scala/gcd/GCD.scala. Using presentation compiler with project's scala-library version: 3.3.6[0m
2025.07.29 21:20:27 INFO  no build target found for /home/qiu/chisel/mychisel/src/main/scala/gcd/GCD.scala. Using presentation compiler with project's scala-library version: 3.3.6[0m
2025.07.29 21:20:27 INFO  no build target found for /home/qiu/chisel/mychisel/src/main/scala/gcd/GCD.scala. Using presentation compiler with project's scala-library version: 3.3.6[0m
2025.07.29 21:20:27 INFO  no build target found for /home/qiu/chisel/mychisel/src/main/scala/gcd/GCD.scala. Using presentation compiler with project's scala-library version: 3.3.6[0m
2025.07.29 21:20:27 INFO  no build target found for /home/qiu/chisel/mychisel/src/main/scala/gcd/GCD.scala. Using presentation compiler with project's scala-library version: 3.3.6[0m
2025.07.29 21:20:27 INFO  no build target found for /home/qiu/chisel/mychisel/src/main/scala/gcd/GCD.scala. Using presentation compiler with project's scala-library version: 3.3.6[0m
2025.07.29 21:20:27 INFO  no build target found for /home/qiu/chisel/mychisel/src/main/scala/gcd/GCD.scala. Using presentation compiler with project's scala-library version: 3.3.6[0m
2025.07.29 21:20:27 INFO  no build target found for /home/qiu/chisel/mychisel/src/main/scala/gcd/GCD.scala. Using presentation compiler with project's scala-library version: 3.3.6[0m
2025.07.29 21:20:27 INFO  no build target found for /home/qiu/chisel/mychisel/src/main/scala/gcd/GCD.scala. Using presentation compiler with project's scala-library version: 3.3.6[0m
2025.07.29 21:20:27 INFO  no build target found for /home/qiu/chisel/mychisel/src/main/scala/gcd/GCD.scala. Using presentation compiler with project's scala-library version: 3.3.6[0m
2025.07.29 21:20:27 INFO  no build target found for /home/qiu/chisel/mychisel/src/main/scala/gcd/GCD.scala. Using presentation compiler with project's scala-library version: 3.3.6[0m
2025.07.29 21:20:27 INFO  no build target found for /home/qiu/chisel/mychisel/src/main/scala/gcd/GCD.scala. Using presentation compiler with project's scala-library version: 3.3.6[0m
2025.07.29 21:20:27 INFO  no build target found for /home/qiu/chisel/mychisel/src/main/scala/gcd/GCD.scala. Using presentation compiler with project's scala-library version: 3.3.6[0m
2025.07.29 21:20:27 INFO  no build target found for /home/qiu/chisel/mychisel/src/main/scala/gcd/GCD.scala. Using presentation compiler with project's scala-library version: 3.3.6[0m
2025.07.29 21:20:27 INFO  no build target found for /home/qiu/chisel/mychisel/src/main/scala/gcd/GCD.scala. Using presentation compiler with project's scala-library version: 3.3.6[0m
2025.07.29 21:20:27 INFO  no build target found for /home/qiu/chisel/mychisel/src/main/scala/gcd/GCD.scala. Using presentation compiler with project's scala-library version: 3.3.6[0m
2025.07.29 21:20:27 INFO  no build target found for /home/qiu/chisel/mychisel/src/main/scala/gcd/GCD.scala. Using presentation compiler with project's scala-library version: 3.3.6[0m
2025.07.29 21:20:27 INFO  no build target found for /home/qiu/chisel/mychisel/src/main/scala/gcd/GCD.scala. Using presentation compiler with project's scala-library version: 3.3.6[0m
2025.07.29 21:20:27 INFO  no build target found for /home/qiu/chisel/mychisel/src/main/scala/gcd/GCD.scala. Using presentation compiler with project's scala-library version: 3.3.6[0m
2025.07.29 21:20:27 INFO  no build target found for /home/qiu/chisel/mychisel/src/main/scala/gcd/GCD.scala. Using presentation compiler with project's scala-library version: 3.3.6[0m
2025.07.29 21:20:27 INFO  no build target found for /home/qiu/chisel/mychisel/src/main/scala/gcd/GCD.scala. Using presentation compiler with project's scala-library version: 3.3.6[0m
2025.07.29 21:20:27 INFO  no build target found for /home/qiu/chisel/mychisel/src/main/scala/gcd/GCD.scala. Using presentation compiler with project's scala-library version: 3.3.6[0m
2025.07.29 21:20:27 INFO  no build target found for /home/qiu/chisel/mychisel/src/main/scala/gcd/GCD.scala. Using presentation compiler with project's scala-library version: 3.3.6[0m
2025.07.29 21:20:27 INFO  no build target found for /home/qiu/chisel/mychisel/src/main/scala/gcd/GCD.scala. Using presentation compiler with project's scala-library version: 3.3.6[0m
2025.07.29 21:20:28 INFO  no build target found for /home/qiu/chisel/mychisel/src/main/scala/gcd/GCD.scala. Using presentation compiler with project's scala-library version: 3.3.6[0m
2025.07.29 21:20:28 INFO  no build target found for /home/qiu/chisel/mychisel/src/main/scala/gcd/GCD.scala. Using presentation compiler with project's scala-library version: 3.3.6[0m
2025.07.29 21:20:28 INFO  no build target found for /home/qiu/chisel/mychisel/src/main/scala/gcd/GCD.scala. Using presentation compiler with project's scala-library version: 3.3.6[0m
2025.07.29 21:20:29 INFO  no build target found for /home/qiu/chisel/mychisel/src/main/scala/gcd/GCD.scala. Using presentation compiler with project's scala-library version: 3.3.6[0m
2025.07.29 21:20:29 INFO  no build target found for /home/qiu/chisel/mychisel/src/main/scala/gcd/GCD.scala. Using presentation compiler with project's scala-library version: 3.3.6[0m
2025.07.29 21:20:29 INFO  no build target found for /home/qiu/chisel/mychisel/src/main/scala/gcd/GCD.scala. Using presentation compiler with project's scala-library version: 3.3.6[0m
2025.07.29 21:20:29 INFO  no build target found for /home/qiu/chisel/mychisel/src/main/scala/gcd/GCD.scala. Using presentation compiler with project's scala-library version: 3.3.6[0m
Jul 29, 2025 9:20:29 PM org.eclipse.lsp4j.jsonrpc.RemoteEndpoint handleCancellation
WARNING: Unmatched cancel notification for request id 48
2025.07.29 21:20:29 INFO  no build target found for /home/qiu/chisel/mychisel/src/main/scala/gcd/GCD.scala. Using presentation compiler with project's scala-library version: 3.3.6[0m
2025.07.29 21:20:29 INFO  no build target found for /home/qiu/chisel/mychisel/src/main/scala/gcd/GCD.scala. Using presentation compiler with project's scala-library version: 3.3.6[0m
2025.07.29 21:20:29 INFO  no build target found for /home/qiu/chisel/mychisel/src/main/scala/gcd/GCD.scala. Using presentation compiler with project's scala-library version: 3.3.6[0m
2025.07.29 21:20:29 INFO  no build target found for /home/qiu/chisel/mychisel/src/main/scala/gcd/GCD.scala. Using presentation compiler with project's scala-library version: 3.3.6[0m
2025.07.29 21:20:29 INFO  no build target found for /home/qiu/chisel/mychisel/src/main/scala/gcd/GCD.scala. Using presentation compiler with project's scala-library version: 3.3.6[0m
2025.07.29 21:20:29 INFO  no build target found for /home/qiu/chisel/mychisel/src/main/scala/gcd/GCD.scala. Using presentation compiler with project's scala-library version: 3.3.6[0m
2025.07.29 21:20:29 INFO  no build target found for /home/qiu/chisel/mychisel/src/main/scala/gcd/GCD.scala. Using presentation compiler with project's scala-library version: 3.3.6[0m
2025.07.29 21:20:29 INFO  no build target found for /home/qiu/chisel/mychisel/src/main/scala/gcd/GCD.scala. Using presentation compiler with project's scala-library version: 3.3.6[0m
2025.07.29 21:20:29 INFO  no build target found for /home/qiu/chisel/mychisel/src/main/scala/gcd/GCD.scala. Using presentation compiler with project's scala-library version: 3.3.6[0m
2025.07.29 21:20:29 INFO  no build target found for /home/qiu/chisel/mychisel/src/main/scala/gcd/GCD.scala. Using presentation compiler with project's scala-library version: 3.3.6[0m
2025.07.29 21:20:29 INFO  no build target found for /home/qiu/chisel/mychisel/src/main/scala/gcd/GCD.scala. Using presentation compiler with project's scala-library version: 3.3.6[0m
2025.07.29 21:20:29 INFO  no build target found for /home/qiu/chisel/mychisel/src/main/scala/gcd/GCD.scala. Using presentation compiler with project's scala-library version: 3.3.6[0m
2025.07.29 21:20:29 INFO  no build target found for /home/qiu/chisel/mychisel/src/main/scala/gcd/GCD.scala. Using presentation compiler with project's scala-library version: 3.3.6[0m
2025.07.29 21:20:29 INFO  no build target found for /home/qiu/chisel/mychisel/src/main/scala/gcd/GCD.scala. Using presentation compiler with project's scala-library version: 3.3.6[0m
2025.07.29 21:20:29 INFO  no build target found for /home/qiu/chisel/mychisel/src/main/scala/gcd/GCD.scala. Using presentation compiler with project's scala-library version: 3.3.6[0m
2025.07.29 21:20:29 INFO  no build target found for /home/qiu/chisel/mychisel/src/main/scala/gcd/GCD.scala. Using presentation compiler with project's scala-library version: 3.3.6[0m
2025.07.29 21:20:29 INFO  no build target found for /home/qiu/chisel/mychisel/src/main/scala/gcd/GCD.scala. Using presentation compiler with project's scala-library version: 3.3.6[0m
2025.07.29 21:20:29 INFO  no build target found for /home/qiu/chisel/mychisel/src/main/scala/gcd/GCD.scala. Using presentation compiler with project's scala-library version: 3.3.6[0m
2025.07.29 21:20:29 INFO  no build target found for /home/qiu/chisel/mychisel/src/main/scala/gcd/GCD.scala. Using presentation compiler with project's scala-library version: 3.3.6[0m
2025.07.29 21:20:29 INFO  no build target found for /home/qiu/chisel/mychisel/src/main/scala/gcd/GCD.scala. Using presentation compiler with project's scala-library version: 3.3.6[0m
2025.07.29 21:20:28 INFO  no build target found for /home/qiu/chisel/mychisel/src/main/scala/gcd/GCD.scala. Using presentation compiler with project's scala-library version: 3.3.6[0m
2025.07.29 21:20:29 INFO  no build target found for /home/qiu/chisel/mychisel/src/main/scala/gcd/GCD.scala. Using presentation compiler with project's scala-library version: 3.3.6[0m
2025.07.29 21:20:29 INFO  Created report: Optional[file:///home/qiu/chisel/mychisel/src/main/scala/gcd/GCD.scala][0m
2025.07.29 21:20:29 INFO  empty definition using pc, found symbol in pc: `<none>`. (full report at: "/home/qiu/chisel/mychisel/.metals/.reports/metals-full/2025-07-29/r_empty-definition_21-20-30-016.md")[0m
2025.07.29 21:20:29 INFO  Created report: Optional[file:///home/qiu/chisel/mychisel/src/main/scala/gcd/GCD.scala][0m
2025.07.29 21:20:29 INFO  empty definition using pc, found symbol in pc: gcd/`<import>`. (full report at: "/home/qiu/chisel/mychisel/.metals/.reports/metals-full/2025-07-29/r_empty-definition_21-20-30-098.md")[0m
2025.07.29 21:20:29 INFO  empty definition using pc, found symbol in pc: gcd/`<import>`. (full report at: "/home/qiu/chisel/mychisel/.metals/.reports/metals-full/2025-07-29/r_empty-definition_21-20-30-098.md")[0m
2025.07.29 21:20:29 INFO  empty definition using pc, found symbol in pc: `<none>`. (full report at: "/home/qiu/chisel/mychisel/.metals/.reports/metals-full/2025-07-29/r_empty-definition_21-20-30-016.md")[0m
2025.07.29 21:20:29 INFO  empty definition using pc, found symbol in pc: `<none>`. (full report at: "/home/qiu/chisel/mychisel/.metals/.reports/metals-full/2025-07-29/r_empty-definition_21-20-30-016.md")[0m
2025.07.29 21:20:29 INFO  empty definition using pc, found symbol in pc: `<none>`. (full report at: "/home/qiu/chisel/mychisel/.metals/.reports/metals-full/2025-07-29/r_empty-definition_21-20-30-016.md")[0m
2025.07.29 21:20:29 INFO  empty definition using pc, found symbol in pc: `<none>`. (full report at: "/home/qiu/chisel/mychisel/.metals/.reports/metals-full/2025-07-29/r_empty-definition_21-20-30-016.md")[0m
2025.07.29 21:20:30 INFO  no build target found for /home/qiu/chisel/mychisel/src/main/scala/gcd/GCD.scala. Using presentation compiler with project's scala-library version: 3.3.6[0m
2025.07.29 21:20:29 INFO  empty definition using pc, found symbol in pc: `<none>`. (full report at: "/home/qiu/chisel/mychisel/.metals/.reports/metals-full/2025-07-29/r_empty-definition_21-20-30-016.md")[0m
2025.07.29 21:20:30 INFO  no build target found for /home/qiu/chisel/mychisel/src/main/scala/gcd/GCD.scala. Using presentation compiler with project's scala-library version: 3.3.6[0m
2025.07.29 21:20:29 INFO  empty definition using pc, found symbol in pc: `<none>`. (full report at: "/home/qiu/chisel/mychisel/.metals/.reports/metals-full/2025-07-29/r_empty-definition_21-20-30-016.md")[0m
2025.07.29 21:20:30 INFO  no build target found for /home/qiu/chisel/mychisel/src/main/scala/gcd/GCD.scala. Using presentation compiler with project's scala-library version: 3.3.6[0m
2025.07.29 21:20:30 INFO  no build target found for /home/qiu/chisel/mychisel/src/main/scala/gcd/GCD.scala. Using presentation compiler with project's scala-library version: 3.3.6[0m
2025.07.29 21:20:29 INFO  empty definition using pc, found symbol in pc: `<none>`. (full report at: "/home/qiu/chisel/mychisel/.metals/.reports/metals-full/2025-07-29/r_empty-definition_21-20-30-016.md")[0m
2025.07.29 21:20:29 INFO  empty definition using pc, found symbol in pc: `<none>`. (full report at: "/home/qiu/chisel/mychisel/.metals/.reports/metals-full/2025-07-29/r_empty-definition_21-20-30-016.md")[0m
2025.07.29 21:20:30 INFO  empty definition using pc, found symbol in pc: `<none>`. (full report at: "/home/qiu/chisel/mychisel/.metals/.reports/metals-full/2025-07-29/r_empty-definition_21-20-30-016.md")[0m
2025.07.29 21:20:30 INFO  Created report: Optional[file:///home/qiu/chisel/mychisel/src/main/scala/gcd/GCD.scala][0m
2025.07.29 21:20:29 INFO  empty definition using pc, found symbol in pc: `<none>`. (full report at: "/home/qiu/chisel/mychisel/.metals/.reports/metals-full/2025-07-29/r_empty-definition_21-20-30-016.md")[0m
2025.07.29 21:20:30 INFO  empty definition using pc, found symbol in pc:  (full report at: "/home/qiu/chisel/mychisel/.metals/.reports/metals-full/2025-07-29/r_empty-definition_21-20-30-812.md")[0m
2025.07.29 21:20:30 INFO  no build target found for /home/qiu/chisel/mychisel/src/main/scala/gcd/GCD.scala. Using presentation compiler with project's scala-library version: 3.3.6[0m
2025.07.29 21:20:30 INFO  empty definition using pc, found symbol in pc: `<none>`. (full report at: "/home/qiu/chisel/mychisel/.metals/.reports/metals-full/2025-07-29/r_empty-definition_21-20-30-016.md")[0m
2025.07.29 21:20:30 INFO  no build target found for /home/qiu/chisel/mychisel/src/main/scala/gcd/GCD.scala. Using presentation compiler with project's scala-library version: 3.3.6[0m
2025.07.29 21:20:30 INFO  no build target found for /home/qiu/chisel/mychisel/src/main/scala/gcd/GCD.scala. Using presentation compiler with project's scala-library version: 3.3.6[0m
2025.07.29 21:20:30 INFO  no build target found for /home/qiu/chisel/mychisel/src/main/scala/gcd/GCD.scala. Using presentation compiler with project's scala-library version: 3.3.6[0m
2025.07.29 21:20:30 INFO  no build target found for /home/qiu/chisel/mychisel/src/main/scala/gcd/GCD.scala. Using presentation compiler with project's scala-library version: 3.3.6[0m
2025.07.29 21:20:30 INFO  no build target found for /home/qiu/chisel/mychisel/src/main/scala/gcd/GCD.scala. Using presentation compiler with project's scala-library version: 3.3.6[0m
2025.07.29 21:20:30 INFO  no build target found for /home/qiu/chisel/mychisel/src/main/scala/gcd/GCD.scala. Using presentation compiler with project's scala-library version: 3.3.6[0m
2025.07.29 21:20:30 INFO  no build target found for /home/qiu/chisel/mychisel/src/main/scala/gcd/GCD.scala. Using presentation compiler with project's scala-library version: 3.3.6[0m
2025.07.29 21:20:30 INFO  no build target found for /home/qiu/chisel/mychisel/src/main/scala/gcd/GCD.scala. Using presentation compiler with project's scala-library version: 3.3.6[0m
2025.07.29 21:20:30 INFO  no build target found for /home/qiu/chisel/mychisel/src/main/scala/gcd/GCD.scala. Using presentation compiler with project's scala-library version: 3.3.6[0m
2025.07.29 21:20:31 INFO  no build target found for /home/qiu/chisel/mychisel/src/main/scala/gcd/GCD.scala. Using presentation compiler with project's scala-library version: 3.3.6[0m
2025.07.29 21:20:31 INFO  no build target found for /home/qiu/chisel/mychisel/src/main/scala/gcd/GCD.scala. Using presentation compiler with project's scala-library version: 3.3.6[0m
2025.07.29 21:20:31 INFO  no build target found for /home/qiu/chisel/mychisel/src/main/scala/gcd/GCD.scala. Using presentation compiler with project's scala-library version: 3.3.6[0m
2025.07.29 21:20:31 INFO  no build target found for /home/qiu/chisel/mychisel/src/main/scala/gcd/GCD.scala. Using presentation compiler with project's scala-library version: 3.3.6[0m
2025.07.29 21:20:30 INFO  no build target found for /home/qiu/chisel/mychisel/src/main/scala/gcd/GCD.scala. Using presentation compiler with project's scala-library version: 3.3.6[0m
2025.07.29 21:20:31 INFO  no build target found for /home/qiu/chisel/mychisel/src/main/scala/gcd/GCD.scala. Using presentation compiler with project's scala-library version: 3.3.6[0m
2025.07.29 21:20:31 INFO  no build target found for /home/qiu/chisel/mychisel/src/main/scala/gcd/GCD.scala. Using presentation compiler with project's scala-library version: 3.3.6[0m
2025.07.29 21:20:31 INFO  no build target found for /home/qiu/chisel/mychisel/src/main/scala/gcd/GCD.scala. Using presentation compiler with project's scala-library version: 3.3.6[0m
2025.07.29 21:20:31 INFO  no build target found for /home/qiu/chisel/mychisel/src/main/scala/gcd/GCD.scala. Using presentation compiler with project's scala-library version: 3.3.6[0m
2025.07.29 21:20:31 INFO  no build target found for /home/qiu/chisel/mychisel/src/main/scala/gcd/GCD.scala. Using presentation compiler with project's scala-library version: 3.3.6[0m
2025.07.29 21:20:31 INFO  no build target found for /home/qiu/chisel/mychisel/src/main/scala/gcd/GCD.scala. Using presentation compiler with project's scala-library version: 3.3.6[0m
2025.07.29 21:20:31 INFO  no build target found for /home/qiu/chisel/mychisel/src/main/scala/gcd/GCD.scala. Using presentation compiler with project's scala-library version: 3.3.6[0m
2025.07.29 21:20:31 INFO  no build target found for /home/qiu/chisel/mychisel/src/main/scala/gcd/GCD.scala. Using presentation compiler with project's scala-library version: 3.3.6[0m
2025.07.29 21:20:31 INFO  no build target found for /home/qiu/chisel/mychisel/src/main/scala/gcd/GCD.scala. Using presentation compiler with project's scala-library version: 3.3.6[0m
2025.07.29 21:20:31 INFO  no build target found for /home/qiu/chisel/mychisel/src/main/scala/gcd/GCD.scala. Using presentation compiler with project's scala-library version: 3.3.6[0m
2025.07.29 21:20:32 INFO  no build target found for /home/qiu/chisel/mychisel/src/main/scala/gcd/GCD.scala. Using presentation compiler with project's scala-library version: 3.3.6[0m
2025.07.29 21:20:32 INFO  no build target found for /home/qiu/chisel/mychisel/src/main/scala/gcd/GCD.scala. Using presentation compiler with project's scala-library version: 3.3.6[0m
2025.07.29 21:20:32 INFO  no build target found for /home/qiu/chisel/mychisel/src/main/scala/gcd/GCD.scala. Using presentation compiler with project's scala-library version: 3.3.6[0m
2025.07.29 21:20:32 INFO  no build target found for /home/qiu/chisel/mychisel/src/main/scala/gcd/GCD.scala. Using presentation compiler with project's scala-library version: 3.3.6[0m
2025.07.29 21:20:32 INFO  no build target found for /home/qiu/chisel/mychisel/src/main/scala/gcd/GCD.scala. Using presentation compiler with project's scala-library version: 3.3.6[0m
2025.07.29 21:20:32 INFO  no build target found for /home/qiu/chisel/mychisel/src/main/scala/gcd/GCD.scala. Using presentation compiler with project's scala-library version: 3.3.6[0m
2025.07.29 21:20:32 INFO  empty definition using pc, found symbol in pc: `<none>`. (full report at: "/home/qiu/chisel/mychisel/.metals/.reports/metals-full/2025-07-29/r_empty-definition_21-20-30-016.md")[0m
2025.07.29 21:20:32 INFO  no build target found for /home/qiu/chisel/mychisel/src/main/scala/gcd/GCD.scala. Using presentation compiler with project's scala-library version: 3.3.6[0m
2025.07.29 21:20:33 INFO  no build target found for /home/qiu/chisel/mychisel/src/main/scala/gcd/GCD.scala. Using presentation compiler with project's scala-library version: 3.3.6[0m
2025.07.29 21:20:33 INFO  no build target found for /home/qiu/chisel/mychisel/src/main/scala/gcd/GCD.scala. Using presentation compiler with project's scala-library version: 3.3.6[0m
2025.07.29 21:20:32 INFO  no build target found for /home/qiu/chisel/mychisel/src/main/scala/gcd/GCD.scala. Using presentation compiler with project's scala-library version: 3.3.6[0m
2025.07.29 21:20:33 INFO  no build target found for /home/qiu/chisel/mychisel/src/main/scala/gcd/GCD.scala. Using presentation compiler with project's scala-library version: 3.3.6[0m
2025.07.29 21:20:32 INFO  no build target found for /home/qiu/chisel/mychisel/src/main/scala/gcd/GCD.scala. Using presentation compiler with project's scala-library version: 3.3.6[0m
2025.07.29 21:20:33 INFO  no build target found for /home/qiu/chisel/mychisel/src/main/scala/gcd/GCD.scala. Using presentation compiler with project's scala-library version: 3.3.6[0m
2025.07.29 21:20:33 INFO  no build target found for /home/qiu/chisel/mychisel/src/main/scala/gcd/GCD.scala. Using presentation compiler with project's scala-library version: 3.3.6[0m
2025.07.29 21:20:32 INFO  no build target found for /home/qiu/chisel/mychisel/src/main/scala/gcd/GCD.scala. Using presentation compiler with project's scala-library version: 3.3.6[0m
2025.07.29 21:20:33 INFO  no build target found for /home/qiu/chisel/mychisel/src/main/scala/gcd/GCD.scala. Using presentation compiler with project's scala-library version: 3.3.6[0m
2025.07.29 21:20:32 INFO  no build target found for /home/qiu/chisel/mychisel/src/main/scala/gcd/GCD.scala. Using presentation compiler with project's scala-library version: 3.3.6[0m
2025.07.29 21:20:32 INFO  empty definition using pc, found symbol in pc: `<none>`. (full report at: "/home/qiu/chisel/mychisel/.metals/.reports/metals-full/2025-07-29/r_empty-definition_21-20-30-016.md")[0m
2025.07.29 21:20:33 INFO  no build target found for /home/qiu/chisel/mychisel/src/main/scala/gcd/GCD.scala. Using presentation compiler with project's scala-library version: 3.3.6[0m
2025.07.29 21:20:34 INFO  empty definition using pc, found symbol in pc: `<none>`. (full report at: "/home/qiu/chisel/mychisel/.metals/.reports/metals-full/2025-07-29/r_empty-definition_21-20-30-016.md")[0m
2025.07.29 21:20:34 INFO  empty definition using pc, found symbol in pc: `<none>`. (full report at: "/home/qiu/chisel/mychisel/.metals/.reports/metals-full/2025-07-29/r_empty-definition_21-20-30-016.md")[0m
2025.07.29 21:20:34 INFO  empty definition using pc, found symbol in pc: `<none>`. (full report at: "/home/qiu/chisel/mychisel/.metals/.reports/metals-full/2025-07-29/r_empty-definition_21-20-30-016.md")[0m
2025.07.29 21:20:34 INFO  empty definition using pc, found symbol in pc: `<none>`. (full report at: "/home/qiu/chisel/mychisel/.metals/.reports/metals-full/2025-07-29/r_empty-definition_21-20-30-016.md")[0m
2025.07.29 21:20:34 INFO  no build target found for /home/qiu/chisel/mychisel/src/main/scala/gcd/GCD.scala. Using presentation compiler with project's scala-library version: 3.3.6[0m
2025.07.29 21:20:33 INFO  no build target found for /home/qiu/chisel/mychisel/src/main/scala/gcd/GCD.scala. Using presentation compiler with project's scala-library version: 3.3.6[0m
2025.07.29 21:20:34 INFO  no build target found for /home/qiu/chisel/mychisel/src/main/scala/gcd/GCD.scala. Using presentation compiler with project's scala-library version: 3.3.6[0m
2025.07.29 21:20:34 INFO  no build target found for /home/qiu/chisel/mychisel/src/main/scala/gcd/GCD.scala. Using presentation compiler with project's scala-library version: 3.3.6[0m
2025.07.29 21:20:34 INFO  empty definition using pc, found symbol in pc: `<none>`. (full report at: "/home/qiu/chisel/mychisel/.metals/.reports/metals-full/2025-07-29/r_empty-definition_21-20-30-016.md")[0m
2025.07.29 21:20:34 INFO  no build target found for /home/qiu/chisel/mychisel/src/main/scala/gcd/GCD.scala. Using presentation compiler with project's scala-library version: 3.3.6[0m
2025.07.29 21:20:34 INFO  no build target found for /home/qiu/chisel/mychisel/src/main/scala/gcd/GCD.scala. Using presentation compiler with project's scala-library version: 3.3.6[0m
2025.07.29 21:20:34 INFO  empty definition using pc, found symbol in pc: `<none>`. (full report at: "/home/qiu/chisel/mychisel/.metals/.reports/metals-full/2025-07-29/r_empty-definition_21-20-30-016.md")[0m
2025.07.29 21:20:35 INFO  empty definition using pc, found symbol in pc: `<none>`. (full report at: "/home/qiu/chisel/mychisel/.metals/.reports/metals-full/2025-07-29/r_empty-definition_21-20-30-016.md")[0m
2025.07.29 21:20:34 INFO  no build target found for /home/qiu/chisel/mychisel/src/main/scala/gcd/GCD.scala. Using presentation compiler with project's scala-library version: 3.3.6[0m
2025.07.29 21:20:34 INFO  empty definition using pc, found symbol in pc: `<none>`. (full report at: "/home/qiu/chisel/mychisel/.metals/.reports/metals-full/2025-07-29/r_empty-definition_21-20-30-016.md")[0m
2025.07.29 21:20:35 INFO  no build target found for /home/qiu/chisel/mychisel/src/main/scala/gcd/GCD.scala. Using presentation compiler with project's scala-library version: 3.3.6[0m
2025.07.29 21:20:35 INFO  no build target found for /home/qiu/chisel/mychisel/src/main/scala/gcd/GCD.scala. Using presentation compiler with project's scala-library version: 3.3.6[0m
2025.07.29 21:20:34 INFO  no build target found for /home/qiu/chisel/mychisel/src/main/scala/gcd/GCD.scala. Using presentation compiler with project's scala-library version: 3.3.6[0m
2025.07.29 21:20:36 INFO  no build target found for /home/qiu/chisel/mychisel/src/main/scala/gcd/GCD.scala. Using presentation compiler with project's scala-library version: 3.3.6[0m
2025.07.29 21:20:35 INFO  no build target found for /home/qiu/chisel/mychisel/src/main/scala/gcd/GCD.scala. Using presentation compiler with project's scala-library version: 3.3.6[0m
2025.07.29 21:20:36 INFO  empty definition using pc, found symbol in pc: `<none>`. (full report at: "/home/qiu/chisel/mychisel/.metals/.reports/metals-full/2025-07-29/r_empty-definition_21-20-30-016.md")[0m
2025.07.29 21:20:36 INFO  no build target found for /home/qiu/chisel/mychisel/src/main/scala/gcd/GCD.scala. Using presentation compiler with project's scala-library version: 3.3.6[0m
2025.07.29 21:20:36 INFO  no build target found for /home/qiu/chisel/mychisel/src/main/scala/gcd/GCD.scala. Using presentation compiler with project's scala-library version: 3.3.6[0m
2025.07.29 21:20:36 INFO  no build target found for /home/qiu/chisel/mychisel/src/main/scala/gcd/GCD.scala. Using presentation compiler with project's scala-library version: 3.3.6[0m
2025.07.29 21:20:36 INFO  empty definition using pc, found symbol in pc: `<none>`. (full report at: "/home/qiu/chisel/mychisel/.metals/.reports/metals-full/2025-07-29/r_empty-definition_21-20-30-016.md")[0m
2025.07.29 21:20:36 INFO  no build target found for /home/qiu/chisel/mychisel/src/main/scala/gcd/GCD.scala. Using presentation compiler with project's scala-library version: 3.3.6[0m
2025.07.29 21:20:36 INFO  no build target found for /home/qiu/chisel/mychisel/src/main/scala/gcd/GCD.scala. Using presentation compiler with project's scala-library version: 3.3.6[0m
2025.07.29 21:20:36 INFO  no build target found for /home/qiu/chisel/mychisel/src/main/scala/gcd/GCD.scala. Using presentation compiler with project's scala-library version: 3.3.6[0m
2025.07.29 21:20:36 INFO  no build target found for /home/qiu/chisel/mychisel/src/main/scala/gcd/GCD.scala. Using presentation compiler with project's scala-library version: 3.3.6[0m
2025.07.29 21:20:38 INFO  empty definition using pc, found symbol in pc: `<none>`. (full report at: "/home/qiu/chisel/mychisel/.metals/.reports/metals-full/2025-07-29/r_empty-definition_21-20-30-016.md")[0m
2025.07.29 21:20:38 INFO  no build target found for /home/qiu/chisel/mychisel/src/main/scala/gcd/GCD.scala. Using presentation compiler with project's scala-library version: 3.3.6[0m
2025.07.29 21:20:38 INFO  no build target found for /home/qiu/chisel/mychisel/src/main/scala/gcd/GCD.scala. Using presentation compiler with project's scala-library version: 3.3.6[0m
2025.07.29 21:20:39 INFO  no build target found for /home/qiu/chisel/mychisel/src/main/scala/gcd/GCD.scala. Using presentation compiler with project's scala-library version: 3.3.6[0m
2025.07.29 21:20:39 INFO  no build target found for /home/qiu/chisel/mychisel/src/main/scala/gcd/GCD.scala. Using presentation compiler with project's scala-library version: 3.3.6[0m
2025.07.29 21:20:39 INFO  no build target found for /home/qiu/chisel/mychisel/src/main/scala/gcd/GCD.scala. Using presentation compiler with project's scala-library version: 3.3.6[0m
2025.07.29 21:20:39 INFO  no build target found for /home/qiu/chisel/mychisel/src/main/scala/gcd/GCD.scala. Using presentation compiler with project's scala-library version: 3.3.6[0m
2025.07.29 21:20:39 INFO  no build target found for /home/qiu/chisel/mychisel/src/main/scala/gcd/GCD.scala. Using presentation compiler with project's scala-library version: 3.3.6[0m
2025.07.29 21:20:39 INFO  no build target found for /home/qiu/chisel/mychisel/src/main/scala/gcd/GCD.scala. Using presentation compiler with project's scala-library version: 3.3.6[0m
2025.07.29 21:20:39 INFO  no build target found for /home/qiu/chisel/mychisel/src/main/scala/gcd/GCD.scala. Using presentation compiler with project's scala-library version: 3.3.6[0m
2025.07.29 21:20:39 INFO  no build target found for /home/qiu/chisel/mychisel/src/main/scala/gcd/GCD.scala. Using presentation compiler with project's scala-library version: 3.3.6[0m
2025.07.29 21:20:39 INFO  no build target found for /home/qiu/chisel/mychisel/src/main/scala/gcd/GCD.scala. Using presentation compiler with project's scala-library version: 3.3.6[0m
2025.07.29 21:20:39 INFO  no build target found for /home/qiu/chisel/mychisel/src/main/scala/gcd/GCD.scala. Using presentation compiler with project's scala-library version: 3.3.6[0m
2025.07.29 21:20:40 INFO  no build target found for /home/qiu/chisel/mychisel/src/main/scala/gcd/GCD.scala. Using presentation compiler with project's scala-library version: 3.3.6[0m
2025.07.29 21:20:41 INFO  Attempting to connect to the build server...[0m
2025.07.29 21:20:41 INFO  Found a Bloop server running[0m
2025.07.29 21:20:41 INFO  Attempting to connect to the build server...[0m
2025.07.29 21:20:41 INFO  Found a Bloop server running[0m
2025.07.29 21:20:42 INFO  tracing is disabled for protocol BSP, to enable tracing of incoming and outgoing JSON messages create an empty file at /home/qiu/chisel/mychisel/project/.metals/bsp.trace.json or /home/qiu/.cache/metals/bsp.trace.json[0m
2025.07.29 21:20:42 INFO  tracing is disabled for protocol BSP, to enable tracing of incoming and outgoing JSON messages create an empty file at /home/qiu/chisel/mychisel/project/project/.metals/bsp.trace.json or /home/qiu/.cache/metals/bsp.trace.json[0m
2025.07.29 21:20:42 INFO  no build target found for /home/qiu/chisel/mychisel/src/main/scala/gcd/GCD.scala. Using presentation compiler with project's scala-library version: 3.3.6[0m
2025.07.29 21:20:42 INFO  no build target found for /home/qiu/chisel/mychisel/src/main/scala/gcd/GCD.scala. Using presentation compiler with project's scala-library version: 3.3.6[0m
2025.07.29 21:20:42 INFO  no build target found for /home/qiu/chisel/mychisel/src/main/scala/gcd/GCD.scala. Using presentation compiler with project's scala-library version: 3.3.6[0m
2025.07.29 21:20:42 INFO  no build target found for /home/qiu/chisel/mychisel/src/main/scala/gcd/GCD.scala. Using presentation compiler with project's scala-library version: 3.3.6[0m
2025.07.29 21:20:48 INFO  no build target found for /home/qiu/chisel/mychisel/src/main/scala/gcd/GCD.scala. Using presentation compiler with project's scala-library version: 3.3.6[0m
2025.07.29 21:20:48 INFO  time: Connected to build server in 23s[0m
2025.07.29 21:20:48 INFO  Connected to Build server: Bloop v2.0.10[0m
2025.07.29 21:20:48 INFO  no build target found for /home/qiu/chisel/mychisel/src/main/scala/gcd/GCD.scala. Using presentation compiler with project's scala-library version: 3.3.6[0m
2025.07.29 21:20:48 INFO  no build target found for /home/qiu/chisel/mychisel/src/main/scala/gcd/GCD.scala. Using presentation compiler with project's scala-library version: 3.3.6[0m
2025.07.29 21:20:48 INFO  empty definition using pc, found symbol in pc: `<none>`. (full report at: "/home/qiu/chisel/mychisel/.metals/.reports/metals-full/2025-07-29/r_empty-definition_21-20-30-016.md")[0m
2025.07.29 21:20:49 INFO  time: Imported build in 0.15s[0m
2025.07.29 21:20:48 INFO  no build target found for /home/qiu/chisel/mychisel/src/main/scala/gcd/GCD.scala. Using presentation compiler with project's scala-library version: 3.3.6[0m
2025.07.29 21:20:49 INFO  no build target found for /home/qiu/chisel/mychisel/src/main/scala/gcd/GCD.scala. Using presentation compiler with project's scala-library version: 3.3.6[0m
2025.07.29 21:20:48 INFO  no build target found for /home/qiu/chisel/mychisel/src/main/scala/gcd/GCD.scala. Using presentation compiler with project's scala-library version: 3.3.6[0m
2025.07.29 21:20:49 INFO  no build target found for /home/qiu/chisel/mychisel/src/main/scala/gcd/GCD.scala. Using presentation compiler with project's scala-library version: 3.3.6[0m
2025.07.29 21:20:50 INFO  no build target found for /home/qiu/chisel/mychisel/src/main/scala/gcd/GCD.scala. Using presentation compiler with project's scala-library version: 3.3.6[0m
2025.07.29 21:20:50 INFO  no build target found for /home/qiu/chisel/mychisel/src/main/scala/gcd/GCD.scala. Using presentation compiler with project's scala-library version: 3.3.6[0m
2025.07.29 21:20:49 INFO  no build target found for /home/qiu/chisel/mychisel/src/main/scala/gcd/GCD.scala. Using presentation compiler with project's scala-library version: 3.3.6[0m
2025.07.29 21:20:50 INFO  no build target found for /home/qiu/chisel/mychisel/src/main/scala/gcd/GCD.scala. Using presentation compiler with project's scala-library version: 3.3.6[0m
2025.07.29 21:20:50 INFO  no build target found for /home/qiu/chisel/mychisel/src/main/scala/gcd/GCD.scala. Using presentation compiler with project's scala-library version: 3.3.6[0m
Downloading https://maven.aliyun.com/repository/central/org/scalameta/scalafmt-core_2.13/3.7.15/scalafmt-core_2.13-3.7.15.pom
Downloading https://maven.aliyun.com/repository/central/org/scala-lang/scala-reflect/2.13.11/scala-reflect-2.13.11.pom
2025.07.29 21:20:49 INFO  empty definition using pc, found symbol in pc: `<none>`. (full report at: "/home/qiu/chisel/mychisel/.metals/.reports/metals-full/2025-07-29/r_empty-definition_21-20-30-016.md")[0m
2025.07.29 21:20:50 INFO  no build target found for /home/qiu/chisel/mychisel/src/main/scala/gcd/GCD.scala. Using presentation compiler with project's scala-library version: 3.3.6[0m
2025.07.29 21:20:49 INFO  no build target found for /home/qiu/chisel/mychisel/src/main/scala/gcd/GCD.scala. Using presentation compiler with project's scala-library version: 3.3.6[0m
2025.07.29 21:20:50 INFO  no build target found for /home/qiu/chisel/mychisel/src/main/scala/gcd/GCD.scala. Using presentation compiler with project's scala-library version: 3.3.6[0m
2025.07.29 21:20:49 INFO  no build target found for /home/qiu/chisel/mychisel/src/main/scala/gcd/GCD.scala. Using presentation compiler with project's scala-library version: 3.3.6[0m
2025.07.29 21:20:50 INFO  empty definition using pc, found symbol in pc: `<none>`. (full report at: "/home/qiu/chisel/mychisel/.metals/.reports/metals-full/2025-07-29/r_empty-definition_21-20-30-016.md")[0m
2025.07.29 21:20:50 INFO  empty definition using pc, found symbol in pc: `<none>`. (full report at: "/home/qiu/chisel/mychisel/.metals/.reports/metals-full/2025-07-29/r_empty-definition_21-20-30-016.md")[0m
Downloaded https://maven.aliyun.com/repository/central/org/scala-lang/scala-reflect/2.13.11/scala-reflect-2.13.11.pom
Downloading https://maven.aliyun.com/repository/central/org/scala-lang/scala-reflect/2.13.11/scala-reflect-2.13.11.pom.sha1
2025.07.29 21:20:50 INFO  empty definition using pc, found symbol in pc: `<none>`. (full report at: "/home/qiu/chisel/mychisel/.metals/.reports/metals-full/2025-07-29/r_empty-definition_21-20-30-016.md")[0m
2025.07.29 21:20:50 INFO  empty definition using pc, found symbol in pc: `<none>`. (full report at: "/home/qiu/chisel/mychisel/.metals/.reports/metals-full/2025-07-29/r_empty-definition_21-20-30-016.md")[0m
Downloaded https://maven.aliyun.com/repository/central/org/scalameta/scalafmt-core_2.13/3.7.15/scalafmt-core_2.13-3.7.15.pom
Downloading https://maven.aliyun.com/repository/central/org/scalameta/scalafmt-core_2.13/3.7.15/scalafmt-core_2.13-3.7.15.pom.sha1
2025.07.29 21:20:51 INFO  empty definition using pc, found symbol in pc: `<none>`. (full report at: "/home/qiu/chisel/mychisel/.metals/.reports/metals-full/2025-07-29/r_empty-definition_21-20-30-016.md")[0m
Downloaded https://maven.aliyun.com/repository/central/org/scalameta/scalafmt-core_2.13/3.7.15/scalafmt-core_2.13-3.7.15.pom.sha1
Downloaded https://maven.aliyun.com/repository/central/org/scala-lang/scala-reflect/2.13.11/scala-reflect-2.13.11.pom.sha1
Downloading https://maven.aliyun.com/repository/central/org/scala-lang/scala-library/2.13.11/scala-library-2.13.11.pom
Downloading https://maven.aliyun.com/repository/central/org/scalameta/scalameta_2.13/4.8.12/scalameta_2.13-4.8.12.pom
Downloading https://maven.aliyun.com/repository/central/org/scalameta/scalafmt-config_2.13/3.7.15/scalafmt-config_2.13-3.7.15.pom
Downloading https://maven.aliyun.com/repository/central/org/scalameta/scalafmt-sysops_2.13/3.7.15/scalafmt-sysops_2.13-3.7.15.pom
Downloaded https://maven.aliyun.com/repository/central/org/scalameta/scalafmt-sysops_2.13/3.7.15/scalafmt-sysops_2.13-3.7.15.pom
Downloading https://maven.aliyun.com/repository/central/org/scalameta/scalafmt-sysops_2.13/3.7.15/scalafmt-sysops_2.13-3.7.15.pom.sha1
Downloaded https://maven.aliyun.com/repository/central/org/scalameta/scalafmt-config_2.13/3.7.15/scalafmt-config_2.13-3.7.15.pom
Downloading https://maven.aliyun.com/repository/central/org/scalameta/scalafmt-config_2.13/3.7.15/scalafmt-config_2.13-3.7.15.pom.sha1
Downloaded https://maven.aliyun.com/repository/central/org/scala-lang/scala-library/2.13.11/scala-library-2.13.11.pom
Downloading https://maven.aliyun.com/repository/central/org/scala-lang/scala-library/2.13.11/scala-library-2.13.11.pom.sha1
Downloaded https://maven.aliyun.com/repository/central/org/scalameta/scalameta_2.13/4.8.12/scalameta_2.13-4.8.12.pom
Downloaded https://maven.aliyun.com/repository/central/org/scalameta/scalafmt-sysops_2.13/3.7.15/scalafmt-sysops_2.13-3.7.15.pom.sha1
Downloading https://maven.aliyun.com/repository/central/org/scalameta/scalameta_2.13/4.8.12/scalameta_2.13-4.8.12.pom.sha1
Downloaded https://maven.aliyun.com/repository/central/org/scala-lang/scala-library/2.13.11/scala-library-2.13.11.pom.sha1
Downloaded https://maven.aliyun.com/repository/central/org/scalameta/scalafmt-config_2.13/3.7.15/scalafmt-config_2.13-3.7.15.pom.sha1
Downloaded https://maven.aliyun.com/repository/central/org/scalameta/scalameta_2.13/4.8.12/scalameta_2.13-4.8.12.pom.sha1
Downloading https://maven.aliyun.com/repository/central/com/geirsson/metaconfig-typesafe-config_2.13/0.12.0/metaconfig-typesafe-config_2.13-0.12.0.pom
Downloading https://maven.aliyun.com/repository/central/com/geirsson/metaconfig-core_2.13/0.12.0/metaconfig-core_2.13-0.12.0.pom
Downloading https://maven.aliyun.com/repository/central/org/scalameta/parsers_2.13/4.8.12/parsers_2.13-4.8.12.pom
2025.07.29 21:20:52 INFO  empty definition using pc, found symbol in pc:  (full report at: "/home/qiu/chisel/mychisel/.metals/.reports/metals-full/2025-07-29/r_empty-definition_21-20-30-812.md")[0m
Downloading https://maven.aliyun.com/repository/central/org/scala-lang/scalap/2.13.12/scalap-2.13.12.pom
Downloading https://maven.aliyun.com/repository/central/org/scala-lang/modules/scala-parallel-collections_2.13/1.0.4/scala-parallel-collections_2.13-1.0.4.pom
Downloading https://maven.aliyun.com/repository/central/org/scala-lang/scala-library/2.13.12/scala-library-2.13.12.pom
Downloaded https://maven.aliyun.com/repository/central/com/geirsson/metaconfig-core_2.13/0.12.0/metaconfig-core_2.13-0.12.0.pom
Downloading https://maven.aliyun.com/repository/central/com/geirsson/metaconfig-core_2.13/0.12.0/metaconfig-core_2.13-0.12.0.pom.sha1
Downloaded https://maven.aliyun.com/repository/central/org/scala-lang/scala-library/2.13.12/scala-library-2.13.12.pom
Downloading https://maven.aliyun.com/repository/central/org/scala-lang/scala-library/2.13.12/scala-library-2.13.12.pom.sha1
Downloaded https://maven.aliyun.com/repository/central/org/scala-lang/scala-library/2.13.12/scala-library-2.13.12.pom.sha1
2025.07.29 21:20:52 INFO  Created report: Optional[file:///home/qiu/chisel/mychisel/src/main/scala/gcd/GCD.scala][0m
Downloaded https://maven.aliyun.com/repository/central/com/geirsson/metaconfig-typesafe-config_2.13/0.12.0/metaconfig-typesafe-config_2.13-0.12.0.pom
2025.07.29 21:20:52 INFO  Created report: Optional[file:///home/qiu/chisel/mychisel/src/main/scala/gcd/GCD.scala][0m
Jul 29, 2025 9:20:52 PM scala.meta.internal.pc.CompilerAccess retryWithCleanCompiler
INFO: compiler crashed due to an error in the Scala compiler, retrying with new compiler instance.
2025.07.29 21:20:52 INFO  empty definition using pc, found symbol in pc: chisel3/Module# (full report at: "/home/qiu/chisel/mychisel/.metals/.reports/metals-full/2025-07-29/r_empty-definition_(root)_21-20-52-711.md")[0m
2025.07.29 21:20:52 INFO  empty definition using pc, found symbol in pc:  (full report at: "/home/qiu/chisel/mychisel/.metals/.reports/metals-full/2025-07-29/r_empty-definition_(root)_21-20-52-716.md")[0m
Downloaded https://maven.aliyun.com/repository/central/org/scalameta/parsers_2.13/4.8.12/parsers_2.13-4.8.12.pom
2025.07.29 21:20:52 INFO  Created report: Optional[file:///home/qiu/chisel/mychisel/src/main/scala/gcd/GCD.scala][0m
2025.07.29 21:20:52 INFO  empty definition using pc, found symbol in pc: chisel3/Reg.apply(). (full report at: "/home/qiu/chisel/mychisel/.metals/.reports/metals-full/2025-07-29/r_empty-definition_(root)_21-20-52-730.md")[0m
2025.07.29 21:20:52 INFO  Created report: Optional[file:///home/qiu/chisel/mychisel/src/main/scala/gcd/GCD.scala][0m
2025.07.29 21:20:52 INFO  empty definition using pc, found symbol in pc:  (full report at: "/home/qiu/chisel/mychisel/.metals/.reports/metals-full/2025-07-29/r_empty-definition_(root)_21-20-52-729.md")[0m
2025.07.29 21:20:52 INFO  Created report: Optional[file:///home/qiu/chisel/mychisel/src/main/scala/gcd/GCD.scala][0m
2025.07.29 21:20:52 INFO  empty definition using pc, found symbol in pc:  (full report at: "/home/qiu/chisel/mychisel/.metals/.reports/metals-full/2025-07-29/r_empty-definition_(root)_21-20-52-732.md")[0m
2025.07.29 21:20:52 INFO  Created report: Optional[file:///home/qiu/chisel/mychisel/src/main/scala/gcd/GCD.scala][0m
2025.07.29 21:20:52 INFO  empty definition using pc, found symbol in pc: scala/App# (full report at: "/home/qiu/chisel/mychisel/.metals/.reports/metals-full/2025-07-29/r_empty-definition_(root)_21-20-52-742.md")[0m
2025.07.29 21:20:52 INFO  Created report: Optional[file:///home/qiu/chisel/mychisel/src/main/scala/gcd/GCD.scala][0m
2025.07.29 21:20:52 INFO  empty definition using pc, found symbol in pc: chisel3/package.fromBigIntToLiteral#U(). (full report at: "/home/qiu/chisel/mychisel/.metals/.reports/metals-full/2025-07-29/r_empty-definition_(root)_21-20-52-750.md")[0m
Downloaded https://maven.aliyun.com/repository/central/org/scala-lang/scalap/2.13.12/scalap-2.13.12.pom
Downloading https://maven.aliyun.com/repository/central/com/geirsson/metaconfig-typesafe-config_2.13/0.12.0/metaconfig-typesafe-config_2.13-0.12.0.pom.sha1
2025.07.29 21:20:52 INFO  Created report: Optional[file:///home/qiu/chisel/mychisel/src/main/scala/gcd/GCD.scala][0m
2025.07.29 21:20:52 INFO  scala.reflect.internal.FatalError: no context found for source-file:///home/qiu/chisel/mychisel/src/main/scala/gcd/GCD.scala,line-1,offset=14 (full report at: "/home/qiu/chisel/mychisel/.metals/.reports/metals-full/2025-07-29/r_compiler-error_(root)_21-20-52-957.md")[0m
2025.07.29 21:20:52 INFO  Created report: Optional[file:///home/qiu/chisel/mychisel/src/main/scala/gcd/GCD.scala][0m
2025.07.29 21:20:52 INFO  empty definition using pc, found symbol in pc:  (full report at: "/home/qiu/chisel/mychisel/.metals/.reports/metals-full/2025-07-29/r_empty-definition_(root)_21-20-52-963.md")[0m
Downloaded https://maven.aliyun.com/repository/central/org/scala-lang/modules/scala-parallel-collections_2.13/1.0.4/scala-parallel-collections_2.13-1.0.4.pom
Downloading https://maven.aliyun.com/repository/central/org/scalameta/parsers_2.13/4.8.12/parsers_2.13-4.8.12.pom.sha1
Downloading https://maven.aliyun.com/repository/central/org/scala-lang/scalap/2.13.12/scalap-2.13.12.pom.sha1
Downloading https://maven.aliyun.com/repository/central/org/scala-lang/modules/scala-parallel-collections_2.13/1.0.4/scala-parallel-collections_2.13-1.0.4.pom.sha1
Jul 29, 2025 9:20:53 PM scala.meta.internal.pc.CompilerAccess retryWithCleanCompiler
INFO: compiler crashed due to an error in the Scala compiler, retrying with new compiler instance.
Downloaded https://maven.aliyun.com/repository/central/com/geirsson/metaconfig-core_2.13/0.12.0/metaconfig-core_2.13-0.12.0.pom.sha1
Downloaded https://maven.aliyun.com/repository/central/com/geirsson/metaconfig-typesafe-config_2.13/0.12.0/metaconfig-typesafe-config_2.13-0.12.0.pom.sha1
Downloaded https://maven.aliyun.com/repository/central/org/scalameta/parsers_2.13/4.8.12/parsers_2.13-4.8.12.pom.sha1
Downloaded https://maven.aliyun.com/repository/central/org/scala-lang/scalap/2.13.12/scalap-2.13.12.pom.sha1
2025.07.29 21:20:52 INFO  Created report: Optional[file:///home/qiu/chisel/mychisel/src/main/scala/gcd/GCD.scala][0m
2025.07.29 21:20:52 INFO  scala.reflect.internal.FatalError: no context found for source-file:///home/qiu/chisel/mychisel/src/main/scala/gcd/GCD.scala,line-1,offset=17 (full report at: "/home/qiu/chisel/mychisel/.metals/.reports/metals-full/2025-07-29/r_compiler-error_(root)_21-20-53-252.md")[0m
Jul 29, 2025 9:20:53 PM scala.meta.internal.pc.CompilerAccess retryWithCleanCompiler
INFO: compiler crashed due to an error in the Scala compiler, retrying with new compiler instance.
2025.07.29 21:20:52 INFO  Created report: Optional[file:///home/qiu/chisel/mychisel/src/main/scala/gcd/GCD.scala][0m
2025.07.29 21:20:52 INFO  empty definition using pc, found symbol in pc:  (full report at: "/home/qiu/chisel/mychisel/.metals/.reports/metals-full/2025-07-29/r_empty-definition_(root)_21-20-53-398.md")[0m
Downloaded https://maven.aliyun.com/repository/central/org/scala-lang/modules/scala-parallel-collections_2.13/1.0.4/scala-parallel-collections_2.13-1.0.4.pom.sha1
Downloading https://maven.aliyun.com/repository/central/org/scala-lang/scala-compiler/2.13.12/scala-compiler-2.13.12.pom
Downloading https://maven.aliyun.com/repository/central/com/geirsson/metaconfig-pprint_2.13/0.12.0/metaconfig-pprint_2.13-0.12.0.pom
Downloading https://maven.aliyun.com/repository/central/org/scalameta/trees_2.13/4.8.12/trees_2.13-4.8.12.pom
Downloading https://maven.aliyun.com/repository/central/org/scala-lang/modules/scala-collection-compat_2.13/2.11.0/scala-collection-compat_2.13-2.11.0.pom
Downloading https://maven.aliyun.com/repository/central/org/typelevel/paiges-core_2.13/0.4.3/paiges-core_2.13-0.4.3.pom
Downloading https://maven.aliyun.com/repository/central/com/typesafe/config/1.4.1/config-1.4.1.pom
Downloaded https://maven.aliyun.com/repository/central/com/typesafe/config/1.4.1/config-1.4.1.pom
Downloading https://maven.aliyun.com/repository/central/com/typesafe/config/1.4.1/config-1.4.1.pom.sha1
2025.07.29 21:20:52 INFO  Created report: Optional[file:///home/qiu/chisel/mychisel/src/main/scala/gcd/GCD.scala][0m
2025.07.29 21:20:52 INFO  scala.reflect.internal.FatalError: no context found for source-file:///home/qiu/chisel/mychisel/src/main/scala/gcd/GCD.scala,line-1,offset=17 (full report at: "/home/qiu/chisel/mychisel/.metals/.reports/metals-full/2025-07-29/r_compiler-error_(root)_21-20-53-523.md")[0m
Downloaded https://maven.aliyun.com/repository/central/com/typesafe/config/1.4.1/config-1.4.1.pom.sha1
2025.07.29 21:20:52 INFO  Created report: Optional[file:///home/qiu/chisel/mychisel/src/main/scala/gcd/GCD.scala][0m
2025.07.29 21:20:52 INFO  empty definition using pc, found symbol in pc:  (full report at: "/home/qiu/chisel/mychisel/.metals/.reports/metals-full/2025-07-29/r_empty-definition_(root)_21-20-53-528.md")[0m
Jul 29, 2025 9:20:53 PM scala.meta.internal.pc.CompilerAccess retryWithCleanCompiler
INFO: compiler crashed due to an error in the Scala compiler, retrying with new compiler instance.
Downloaded https://maven.aliyun.com/repository/central/org/scala-lang/modules/scala-collection-compat_2.13/2.11.0/scala-collection-compat_2.13-2.11.0.pom
Downloaded https://maven.aliyun.com/repository/central/org/typelevel/paiges-core_2.13/0.4.3/paiges-core_2.13-0.4.3.pom
Downloaded https://maven.aliyun.com/repository/central/org/scala-lang/scala-compiler/2.13.12/scala-compiler-2.13.12.pom
Downloading https://maven.aliyun.com/repository/central/org/scala-lang/modules/scala-collection-compat_2.13/2.11.0/scala-collection-compat_2.13-2.11.0.pom.sha1
2025.07.29 21:20:52 INFO  Created report: Optional[file:///home/qiu/chisel/mychisel/src/main/scala/gcd/GCD.scala][0m
2025.07.29 21:20:52 INFO  scala.reflect.internal.FatalError: no context found for source-file:///home/qiu/chisel/mychisel/src/main/scala/gcd/GCD.scala,line-1,offset=21 (full report at: "/home/qiu/chisel/mychisel/.metals/.reports/metals-full/2025-07-29/r_compiler-error_(root)_21-20-53-759.md")[0m
Downloaded https://maven.aliyun.com/repository/central/com/geirsson/metaconfig-pprint_2.13/0.12.0/metaconfig-pprint_2.13-0.12.0.pom
Downloading https://maven.aliyun.com/repository/central/org/typelevel/paiges-core_2.13/0.4.3/paiges-core_2.13-0.4.3.pom.sha1
Downloaded https://maven.aliyun.com/repository/central/org/scalameta/trees_2.13/4.8.12/trees_2.13-4.8.12.pom
Downloading https://maven.aliyun.com/repository/central/org/scala-lang/scala-compiler/2.13.12/scala-compiler-2.13.12.pom.sha1
Downloading https://maven.aliyun.com/repository/central/com/geirsson/metaconfig-pprint_2.13/0.12.0/metaconfig-pprint_2.13-0.12.0.pom.sha1
Jul 29, 2025 9:20:53 PM scala.meta.internal.pc.CompilerAccess retryWithCleanCompiler
INFO: compiler crashed due to an error in the Scala compiler, retrying with new compiler instance.
2025.07.29 21:20:53 INFO  Created report: Optional[file:///home/qiu/chisel/mychisel/src/main/scala/gcd/GCD.scala][0m
2025.07.29 21:20:53 INFO  empty definition using pc, found symbol in pc:  (full report at: "/home/qiu/chisel/mychisel/.metals/.reports/metals-full/2025-07-29/r_empty-definition_(root)_21-20-53-879.md")[0m
2025.07.29 21:20:53 INFO  Created report: Optional[file:///home/qiu/chisel/mychisel/src/main/scala/gcd/GCD.scala][0m
2025.07.29 21:20:53 INFO  scala.reflect.internal.FatalError: no context found for source-file:///home/qiu/chisel/mychisel/src/main/scala/gcd/GCD.scala,line-1,offset=21 (full report at: "/home/qiu/chisel/mychisel/.metals/.reports/metals-full/2025-07-29/r_compiler-error_(root)_21-20-53-997.md")[0m
2025.07.29 21:20:54 INFO  Created report: Optional[file:///home/qiu/chisel/mychisel/src/main/scala/gcd/GCD.scala][0m
2025.07.29 21:20:54 INFO  empty definition using pc, found symbol in pc:  (full report at: "/home/qiu/chisel/mychisel/.metals/.reports/metals-full/2025-07-29/r_empty-definition_(root)_21-20-54-010.md")[0m
Downloaded https://maven.aliyun.com/repository/central/org/scala-lang/modules/scala-collection-compat_2.13/2.11.0/scala-collection-compat_2.13-2.11.0.pom.sha1
Downloading https://maven.aliyun.com/repository/central/org/scalameta/trees_2.13/4.8.12/trees_2.13-4.8.12.pom.sha1
Downloaded https://maven.aliyun.com/repository/central/org/typelevel/paiges-core_2.13/0.4.3/paiges-core_2.13-0.4.3.pom.sha1
Jul 29, 2025 9:20:54 PM scala.meta.internal.pc.CompilerAccess retryWithCleanCompiler
INFO: compiler crashed due to an error in the Scala compiler, retrying with new compiler instance.
Downloaded https://maven.aliyun.com/repository/central/com/geirsson/metaconfig-pprint_2.13/0.12.0/metaconfig-pprint_2.13-0.12.0.pom.sha1
Downloaded https://maven.aliyun.com/repository/central/org/scala-lang/scala-compiler/2.13.12/scala-compiler-2.13.12.pom.sha1
2025.07.29 21:20:53 INFO  Created report: Optional[file:///home/qiu/chisel/mychisel/src/main/scala/gcd/GCD.scala][0m
2025.07.29 21:20:53 INFO  scala.reflect.internal.FatalError: no context found for source-file:///home/qiu/chisel/mychisel/src/main/scala/gcd/GCD.scala,line-1,offset=29 (full report at: "/home/qiu/chisel/mychisel/.metals/.reports/metals-full/2025-07-29/r_compiler-error_(root)_21-20-54-219.md")[0m
Jul 29, 2025 9:20:54 PM scala.meta.internal.pc.CompilerAccess retryWithCleanCompiler
INFO: compiler crashed due to an error in the Scala compiler, retrying with new compiler instance.
2025.07.29 21:20:54 INFO  Created report: Optional[file:///home/qiu/chisel/mychisel/src/main/scala/gcd/GCD.scala][0m
2025.07.29 21:20:54 INFO  empty definition using pc, found symbol in pc:  (full report at: "/home/qiu/chisel/mychisel/.metals/.reports/metals-full/2025-07-29/r_empty-definition_(root)_21-20-54-346.md")[0m
Downloaded https://maven.aliyun.com/repository/central/org/scalameta/trees_2.13/4.8.12/trees_2.13-4.8.12.pom.sha1
Downloading https://maven.aliyun.com/repository/central/net/java/dev/jna/jna/5.13.0/jna-5.13.0.pom
Downloading https://maven.aliyun.com/repository/central/org/jline/jline/3.22.0/jline-3.22.0.pom
Downloading https://maven.aliyun.com/repository/central/org/scalameta/common_2.13/4.8.12/common_2.13-4.8.12.pom
Downloading https://maven.aliyun.com/repository/central/com/lihaoyi/fansi_2.13/0.4.0/fansi_2.13-0.4.0.pom
Downloaded https://maven.aliyun.com/repository/central/net/java/dev/jna/jna/5.13.0/jna-5.13.0.pom
Downloading https://maven.aliyun.com/repository/central/io/github/java-diff-utils/java-diff-utils/4.12/java-diff-utils-4.12.pom
2025.07.29 21:20:53 INFO  Created report: Optional[file:///home/qiu/chisel/mychisel/src/main/scala/gcd/GCD.scala][0m
2025.07.29 21:20:53 INFO  scala.reflect.internal.FatalError: no context found for source-file:///home/qiu/chisel/mychisel/src/main/scala/gcd/GCD.scala,line-1,offset=29 (full report at: "/home/qiu/chisel/mychisel/.metals/.reports/metals-full/2025-07-29/r_compiler-error_(root)_21-20-54-439.md")[0m
2025.07.29 21:20:54 INFO  Created report: Optional[file:///home/qiu/chisel/mychisel/src/main/scala/gcd/GCD.scala][0m
2025.07.29 21:20:54 INFO  empty definition using pc, found symbol in pc:  (full report at: "/home/qiu/chisel/mychisel/.metals/.reports/metals-full/2025-07-29/r_empty-definition_(root)_21-20-54-444.md")[0m
Downloading https://maven.aliyun.com/repository/central/net/java/dev/jna/jna/5.13.0/jna-5.13.0.pom.sha1
Downloading https://maven.aliyun.com/repository/central/org/scala-lang/scala-reflect/2.13.12/scala-reflect-2.13.12.pom
Downloaded https://maven.aliyun.com/repository/central/net/java/dev/jna/jna/5.13.0/jna-5.13.0.pom.sha1
Downloaded https://maven.aliyun.com/repository/central/org/scala-lang/scala-reflect/2.13.12/scala-reflect-2.13.12.pom
Downloading https://maven.aliyun.com/repository/central/org/scala-lang/scala-reflect/2.13.12/scala-reflect-2.13.12.pom.sha1
Downloaded https://maven.aliyun.com/repository/central/org/scala-lang/scala-reflect/2.13.12/scala-reflect-2.13.12.pom.sha1
2025.07.29 21:20:54 INFO  Created report: Optional[file:///home/qiu/chisel/mychisel/src/main/scala/gcd/GCD.scala][0m
2025.07.29 21:20:54 INFO  Created report: Optional[file:///home/qiu/chisel/mychisel/src/main/scala/gcd/GCD.scala][0m
2025.07.29 21:20:54 INFO  Created report: Optional[file:///home/qiu/chisel/mychisel/src/main/scala/gcd/GCD.scala][0m
2025.07.29 21:20:54 INFO  empty definition using pc, found symbol in pc:  (full report at: "/home/qiu/chisel/mychisel/.metals/.reports/metals-full/2025-07-29/r_empty-definition_(root)_21-20-54-566.md")[0m
2025.07.29 21:20:54 INFO  Created report: Optional[file:///home/qiu/chisel/mychisel/src/main/scala/gcd/GCD.scala][0m
2025.07.29 21:20:54 INFO  empty definition using pc, found symbol in pc:  (full report at: "/home/qiu/chisel/mychisel/.metals/.reports/metals-full/2025-07-29/r_empty-definition_(root)_21-20-54-569.md")[0m
2025.07.29 21:20:54 INFO  empty definition using pc, found symbol in pc:  (full report at: "/home/qiu/chisel/mychisel/.metals/.reports/metals-full/2025-07-29/r_empty-definition_(root)_21-20-54-566.md")[0m
2025.07.29 21:20:54 INFO  empty definition using pc, found symbol in pc:  (full report at: "/home/qiu/chisel/mychisel/.metals/.reports/metals-full/2025-07-29/r_empty-definition_(root)_21-20-54-567.md")[0m
2025.07.29 21:20:54 INFO  Created report: Optional[file:///home/qiu/chisel/mychisel/src/main/scala/gcd/GCD.scala][0m
2025.07.29 21:20:54 INFO  empty definition using pc, found symbol in pc: chisel3/UIntFactory#apply(+1). (full report at: "/home/qiu/chisel/mychisel/.metals/.reports/metals-full/2025-07-29/r_empty-definition_(root)_21-20-54-583.md")[0m
2025.07.29 21:20:53 INFO  Created report: Optional[file:///home/qiu/chisel/mychisel/src/main/scala/gcd/GCD.scala][0m
2025.07.29 21:20:53 INFO  empty definition using pc, found symbol in pc: chisel3/Input.apply(). (full report at: "/home/qiu/chisel/mychisel/.metals/.reports/metals-full/2025-07-29/r_empty-definition_(root)_21-20-54-583.md")[0m
2025.07.29 21:20:54 INFO  Created report: Optional[file:///home/qiu/chisel/mychisel/src/main/scala/gcd/GCD.scala][0m
2025.07.29 21:20:54 INFO  empty definition using pc, found symbol in pc: chisel3/Output.apply(). (full report at: "/home/qiu/chisel/mychisel/.metals/.reports/metals-full/2025-07-29/r_empty-definition_(root)_21-20-54-587.md")[0m
2025.07.29 21:20:54 INFO  empty definition using pc, found symbol in pc: chisel3/UIntFactory#apply(+1). (full report at: "/home/qiu/chisel/mychisel/.metals/.reports/metals-full/2025-07-29/r_empty-definition_(root)_21-20-54-583.md")[0m
2025.07.29 21:20:54 INFO  empty definition using pc, found symbol in pc: chisel3/Output.apply(). (full report at: "/home/qiu/chisel/mychisel/.metals/.reports/metals-full/2025-07-29/r_empty-definition_(root)_21-20-54-587.md")[0m
2025.07.29 21:20:54 INFO  Created report: Optional[file:///home/qiu/chisel/mychisel/src/main/scala/gcd/GCD.scala][0m
2025.07.29 21:20:54 INFO  empty definition using pc, found symbol in pc:  (full report at: "/home/qiu/chisel/mychisel/.metals/.reports/metals-full/2025-07-29/r_empty-definition_(root)_21-20-54-594.md")[0m
2025.07.29 21:20:54 INFO  Created report: Optional[file:///home/qiu/chisel/mychisel/src/main/scala/gcd/GCD.scala][0m
2025.07.29 21:20:54 INFO  Created report: Optional[file:///home/qiu/chisel/mychisel/src/main/scala/gcd/GCD.scala][0m
2025.07.29 21:20:54 INFO  empty definition using pc, found symbol in pc:  (full report at: "/home/qiu/chisel/mychisel/.metals/.reports/metals-full/2025-07-29/r_empty-definition_(root)_21-20-54-594.md")[0m
2025.07.29 21:20:54 INFO  empty definition using pc, found symbol in pc:  (full report at: "/home/qiu/chisel/mychisel/.metals/.reports/metals-full/2025-07-29/r_empty-definition_(root)_21-20-54-597.md")[0m
2025.07.29 21:20:54 INFO  Created report: Optional[file:///home/qiu/chisel/mychisel/src/main/scala/gcd/GCD.scala][0m
2025.07.29 21:20:54 INFO  empty definition using pc, found symbol in pc: chisel3/UIntFactory#apply(). (full report at: "/home/qiu/chisel/mychisel/.metals/.reports/metals-full/2025-07-29/r_empty-definition_(root)_21-20-54-603.md")[0m
2025.07.29 21:20:54 INFO  empty definition using pc, found symbol in pc: chisel3/UIntFactory#apply(). (full report at: "/home/qiu/chisel/mychisel/.metals/.reports/metals-full/2025-07-29/r_empty-definition_(root)_21-20-54-603.md")[0m
2025.07.29 21:20:54 INFO  Created report: Optional[file:///home/qiu/chisel/mychisel/src/main/scala/gcd/GCD.scala][0m
2025.07.29 21:20:54 INFO  empty definition using pc, found symbol in pc: circt/stage/ChiselStage. (full report at: "/home/qiu/chisel/mychisel/.metals/.reports/metals-full/2025-07-29/r_empty-definition_(root)_21-20-54-619.md")[0m
2025.07.29 21:20:54 INFO  Created report: Optional[file:///home/qiu/chisel/mychisel/src/main/scala/gcd/GCD.scala][0m
2025.07.29 21:20:54 INFO  empty definition using pc, found symbol in pc:  (full report at: "/home/qiu/chisel/mychisel/.metals/.reports/metals-full/2025-07-29/r_empty-definition_(root)_21-20-54-626.md")[0m
2025.07.29 21:20:54 INFO  Created report: Optional[file:///home/qiu/chisel/mychisel/src/main/scala/gcd/GCD.scala][0m
2025.07.29 21:20:54 INFO  empty definition using pc, found symbol in pc:  (full report at: "/home/qiu/chisel/mychisel/.metals/.reports/metals-full/2025-07-29/r_empty-definition_(root)_21-20-54-629.md")[0m
2025.07.29 21:20:54 INFO  Created report: Optional[file:///home/qiu/chisel/mychisel/src/main/scala/gcd/GCD.scala][0m
2025.07.29 21:20:54 INFO  empty definition using pc, found symbol in pc:  (full report at: "/home/qiu/chisel/mychisel/.metals/.reports/metals-full/2025-07-29/r_empty-definition_(root)_21-20-54-629.md")[0m
2025.07.29 21:20:54 INFO  Created report: Optional[file:///home/qiu/chisel/mychisel/src/main/scala/gcd/GCD.scala][0m
2025.07.29 21:20:54 INFO  Created report: Optional[file:///home/qiu/chisel/mychisel/src/main/scala/gcd/GCD.scala][0m
2025.07.29 21:20:54 INFO  empty definition using pc, found symbol in pc:  (full report at: "/home/qiu/chisel/mychisel/.metals/.reports/metals-full/2025-07-29/r_empty-definition_(root)_21-20-54-646.md")[0m
2025.07.29 21:20:54 INFO  empty definition using pc, found symbol in pc:  (full report at: "/home/qiu/chisel/mychisel/.metals/.reports/metals-full/2025-07-29/r_empty-definition_(root)_21-20-54-646.md")[0m
2025.07.29 21:20:54 INFO  Created report: Optional[file:///home/qiu/chisel/mychisel/src/main/scala/gcd/GCD.scala][0m
2025.07.29 21:20:54 INFO  empty definition using pc, found symbol in pc: chisel3/Bundle# (full report at: "/home/qiu/chisel/mychisel/.metals/.reports/metals-full/2025-07-29/r_empty-definition_(root)_21-20-54-647.md")[0m
2025.07.29 21:20:54 INFO  Created report: Optional[file:///home/qiu/chisel/mychisel/src/main/scala/gcd/GCD.scala][0m
2025.07.29 21:20:54 INFO  empty definition using pc, found symbol in pc: chisel3/package.fromIntToWidth#W(). (full report at: "/home/qiu/chisel/mychisel/.metals/.reports/metals-full/2025-07-29/r_empty-definition_(root)_21-20-54-656.md")[0m
2025.07.29 21:20:54 INFO  Created report: Optional[file:///home/qiu/chisel/mychisel/src/main/scala/gcd/GCD.scala][0m
2025.07.29 21:20:54 INFO  empty definition using pc, found symbol in pc: chisel3/package.fromIntToWidth#W(). (full report at: "/home/qiu/chisel/mychisel/.metals/.reports/metals-full/2025-07-29/r_empty-definition_(root)_21-20-54-656.md")[0m
2025.07.29 21:20:54 INFO  Created report: Optional[file:///home/qiu/chisel/mychisel/src/main/scala/gcd/GCD.scala][0m
2025.07.29 21:20:54 INFO  empty definition using pc, found symbol in pc:  (full report at: "/home/qiu/chisel/mychisel/.metals/.reports/metals-full/2025-07-29/r_empty-definition_(root)_21-20-54-661.md")[0m
2025.07.29 21:20:54 INFO  empty definition using pc, found symbol in pc:  (full report at: "/home/qiu/chisel/mychisel/.metals/.reports/metals-full/2025-07-29/r_empty-definition_(root)_21-20-54-666.md")[0m
2025.07.29 21:20:54 INFO  empty definition using pc, found symbol in pc: chisel3/UIntFactory#apply(+1). (full report at: "/home/qiu/chisel/mychisel/.metals/.reports/metals-full/2025-07-29/r_empty-definition_(root)_21-20-54-583.md")[0m
2025.07.29 21:20:53 INFO  Created report: Optional[file:///home/qiu/chisel/mychisel/src/main/scala/gcd/GCD.scala][0m
2025.07.29 21:20:53 INFO  empty definition using pc, found symbol in pc: chisel3/BoolFactory#apply(). (full report at: "/home/qiu/chisel/mychisel/.metals/.reports/metals-full/2025-07-29/r_empty-definition_(root)_21-20-54-674.md")[0m
2025.07.29 21:20:54 INFO  Created report: Optional[file:///home/qiu/chisel/mychisel/src/main/scala/gcd/GCD.scala][0m
Downloaded https://maven.aliyun.com/repository/central/org/jline/jline/3.22.0/jline-3.22.0.pom
Downloading https://maven.aliyun.com/repository/central/org/jline/jline/3.22.0/jline-3.22.0.pom.sha1
2025.07.29 21:20:54 INFO  empty definition using pc, found symbol in pc:  (full report at: "/home/qiu/chisel/mychisel/.metals/.reports/metals-full/2025-07-29/r_empty-definition_(root)_21-20-54-678.md")[0m
2025.07.29 21:20:54 INFO  empty definition using pc, found symbol in pc: chisel3/BoolFactory#apply(). (full report at: "/home/qiu/chisel/mychisel/.metals/.reports/metals-full/2025-07-29/r_empty-definition_(root)_21-20-54-674.md")[0m
2025.07.29 21:20:54 INFO  Created report: Optional[file:///home/qiu/chisel/mychisel/src/main/scala/gcd/GCD.scala][0m
2025.07.29 21:20:54 INFO  empty definition using pc, found symbol in pc:  (full report at: "/home/qiu/chisel/mychisel/.metals/.reports/metals-full/2025-07-29/r_empty-definition_(root)_21-20-54-685.md")[0m
2025.07.29 21:20:54 INFO  Created report: Optional[file:///home/qiu/chisel/mychisel/src/main/scala/gcd/GCD.scala][0m
2025.07.29 21:20:54 INFO  empty definition using pc, found symbol in pc:  (full report at: "/home/qiu/chisel/mychisel/.metals/.reports/metals-full/2025-07-29/r_empty-definition_(root)_21-20-54-686.md")[0m
Downloaded https://maven.aliyun.com/repository/central/io/github/java-diff-utils/java-diff-utils/4.12/java-diff-utils-4.12.pom
Downloading https://maven.aliyun.com/repository/central/io/github/java-diff-utils/java-diff-utils/4.12/java-diff-utils-4.12.pom.sha1
2025.07.29 21:20:54 INFO  Created report: Optional[file:///home/qiu/chisel/mychisel/src/main/scala/gcd/GCD.scala][0m
2025.07.29 21:20:54 INFO  empty definition using pc, found symbol in pc:  (full report at: "/home/qiu/chisel/mychisel/.metals/.reports/metals-full/2025-07-29/r_empty-definition_(root)_21-20-54-707.md")[0m
2025.07.29 21:20:54 INFO  Created report: Optional[file:///home/qiu/chisel/mychisel/src/main/scala/gcd/GCD.scala][0m
2025.07.29 21:20:54 INFO  empty definition using pc, found symbol in pc:  (full report at: "/home/qiu/chisel/mychisel/.metals/.reports/metals-full/2025-07-29/r_empty-definition_(root)_21-20-54-708.md")[0m
2025.07.29 21:20:54 INFO  Created report: Optional[file:///home/qiu/chisel/mychisel/src/main/scala/gcd/GCD.scala][0m
2025.07.29 21:20:54 INFO  empty definition using pc, found symbol in pc:  (full report at: "/home/qiu/chisel/mychisel/.metals/.reports/metals-full/2025-07-29/r_empty-definition_(root)_21-20-54-717.md")[0m
2025.07.29 21:20:54 INFO  Created report: Optional[file:///home/qiu/chisel/mychisel/src/main/scala/gcd/GCD.scala][0m
2025.07.29 21:20:54 INFO  empty definition using pc, found symbol in pc: chisel3/package.fromIntToWidth#W(). (full report at: "/home/qiu/chisel/mychisel/.metals/.reports/metals-full/2025-07-29/r_empty-definition_(root)_21-20-54-656.md")[0m
2025.07.29 21:20:54 INFO  empty definition using pc, found symbol in pc:  (full report at: "/home/qiu/chisel/mychisel/.metals/.reports/metals-full/2025-07-29/r_empty-definition_(root)_21-20-54-721.md")[0m
2025.07.29 21:20:54 INFO  Created report: Optional[file:///home/qiu/chisel/mychisel/src/main/scala/gcd/GCD.scala][0m
2025.07.29 21:20:54 INFO  Created report: Optional[file:///home/qiu/chisel/mychisel/src/main/scala/gcd/GCD.scala][0m
2025.07.29 21:20:54 INFO  empty definition using pc, found symbol in pc:  (full report at: "/home/qiu/chisel/mychisel/.metals/.reports/metals-full/2025-07-29/r_empty-definition_(root)_21-20-54-739.md")[0m
2025.07.29 21:20:54 INFO  empty definition using pc, found symbol in pc:  (full report at: "/home/qiu/chisel/mychisel/.metals/.reports/metals-full/2025-07-29/r_empty-definition_(root)_21-20-54-737.md")[0m
2025.07.29 21:20:54 INFO  Created report: Optional[file:///home/qiu/chisel/mychisel/src/main/scala/gcd/GCD.scala][0m
2025.07.29 21:20:54 INFO  empty definition using pc, found symbol in pc:  (full report at: "/home/qiu/chisel/mychisel/.metals/.reports/metals-full/2025-07-29/r_empty-definition_(root)_21-20-54-739.md")[0m
2025.07.29 21:20:53 INFO  Created report: Optional[file:///home/qiu/chisel/mychisel/src/main/scala/gcd/GCD.scala][0m
2025.07.29 21:20:53 INFO  empty definition using pc, found symbol in pc:  (full report at: "/home/qiu/chisel/mychisel/.metals/.reports/metals-full/2025-07-29/r_empty-definition_(root)_21-20-54-745.md")[0m
2025.07.29 21:20:54 INFO  Created report: Optional[file:///home/qiu/chisel/mychisel/src/main/scala/gcd/GCD.scala][0m
2025.07.29 21:20:54 INFO  Created report: Optional[file:///home/qiu/chisel/mychisel/src/main/scala/gcd/GCD.scala][0m
2025.07.29 21:20:54 INFO  empty definition using pc, found symbol in pc:  (full report at: "/home/qiu/chisel/mychisel/.metals/.reports/metals-full/2025-07-29/r_empty-definition_(root)_21-20-54-760.md")[0m
2025.07.29 21:20:54 INFO  empty definition using pc, found symbol in pc:  (full report at: "/home/qiu/chisel/mychisel/.metals/.reports/metals-full/2025-07-29/r_empty-definition_(root)_21-20-54-761.md")[0m
2025.07.29 21:20:54 INFO  Created report: Optional[file:///home/qiu/chisel/mychisel/src/main/scala/gcd/GCD.scala][0m
2025.07.29 21:20:54 INFO  empty definition using pc, found symbol in pc:  (full report at: "/home/qiu/chisel/mychisel/.metals/.reports/metals-full/2025-07-29/r_empty-definition_(root)_21-20-54-760.md")[0m
2025.07.29 21:20:54 INFO  Created report: Optional[file:///home/qiu/chisel/mychisel/src/main/scala/gcd/GCD.scala][0m
2025.07.29 21:20:54 INFO  empty definition using pc, found symbol in pc:  (full report at: "/home/qiu/chisel/mychisel/.metals/.reports/metals-full/2025-07-29/r_empty-definition_(root)_21-20-54-781.md")[0m
2025.07.29 21:20:54 INFO  Created report: Optional[file:///home/qiu/chisel/mychisel/src/main/scala/gcd/GCD.scala][0m
2025.07.29 21:20:54 INFO  empty definition using pc, found symbol in pc:  (full report at: "/home/qiu/chisel/mychisel/.metals/.reports/metals-full/2025-07-29/r_empty-definition_(root)_21-20-54-784.md")[0m
2025.07.29 21:20:54 INFO  Created report: Optional[file:///home/qiu/chisel/mychisel/src/main/scala/gcd/GCD.scala][0m
2025.07.29 21:20:54 INFO  empty definition using pc, found symbol in pc:  (full report at: "/home/qiu/chisel/mychisel/.metals/.reports/metals-full/2025-07-29/r_empty-definition_(root)_21-20-54-788.md")[0m
2025.07.29 21:20:54 INFO  Created report: Optional[file:///home/qiu/chisel/mychisel/src/main/scala/gcd/GCD.scala][0m
2025.07.29 21:20:54 INFO  empty definition using pc, found symbol in pc:  (full report at: "/home/qiu/chisel/mychisel/.metals/.reports/metals-full/2025-07-29/r_empty-definition_(root)_21-20-54-803.md")[0m
Downloaded https://maven.aliyun.com/repository/central/com/lihaoyi/fansi_2.13/0.4.0/fansi_2.13-0.4.0.pom
Downloading https://maven.aliyun.com/repository/central/com/lihaoyi/fansi_2.13/0.4.0/fansi_2.13-0.4.0.pom.sha1
2025.07.29 21:20:54 INFO  Created report: Optional[file:///home/qiu/chisel/mychisel/src/main/scala/gcd/GCD.scala][0m
2025.07.29 21:20:54 INFO  empty definition using pc, found symbol in pc:  (full report at: "/home/qiu/chisel/mychisel/.metals/.reports/metals-full/2025-07-29/r_empty-definition_(root)_21-20-54-810.md")[0m
Downloaded https://maven.aliyun.com/repository/central/org/scalameta/common_2.13/4.8.12/common_2.13-4.8.12.pom
Downloading https://maven.aliyun.com/repository/central/org/scalameta/common_2.13/4.8.12/common_2.13-4.8.12.pom.sha1
2025.07.29 21:20:54 INFO  Created report: Optional[file:///home/qiu/chisel/mychisel/src/main/scala/gcd/GCD.scala][0m
2025.07.29 21:20:54 INFO  empty definition using pc, found symbol in pc:  (full report at: "/home/qiu/chisel/mychisel/.metals/.reports/metals-full/2025-07-29/r_empty-definition_(root)_21-20-54-816.md")[0m
2025.07.29 21:20:54 INFO  Created report: Optional[file:///home/qiu/chisel/mychisel/src/main/scala/gcd/GCD.scala][0m
2025.07.29 21:20:54 INFO  empty definition using pc, found symbol in pc:  (full report at: "/home/qiu/chisel/mychisel/.metals/.reports/metals-full/2025-07-29/r_empty-definition_(root)_21-20-54-831.md")[0m
2025.07.29 21:20:53 INFO  Created report: Optional[file:///home/qiu/chisel/mychisel/src/main/scala/gcd/GCD.scala][0m
2025.07.29 21:20:53 INFO  empty definition using pc, found symbol in pc:  (full report at: "/home/qiu/chisel/mychisel/.metals/.reports/metals-full/2025-07-29/r_empty-definition_(root)_21-20-54-841.md")[0m
Downloaded https://maven.aliyun.com/repository/central/org/jline/jline/3.22.0/jline-3.22.0.pom.sha1
Downloaded https://maven.aliyun.com/repository/central/io/github/java-diff-utils/java-diff-utils/4.12/java-diff-utils-4.12.pom.sha1
Downloaded https://maven.aliyun.com/repository/central/com/lihaoyi/fansi_2.13/0.4.0/fansi_2.13-0.4.0.pom.sha1
Downloaded https://maven.aliyun.com/repository/central/org/scalameta/common_2.13/4.8.12/common_2.13-4.8.12.pom.sha1
Downloading https://maven.aliyun.com/repository/central/io/github/java-diff-utils/java-diff-utils-parent/4.12/java-diff-utils-parent-4.12.pom
Downloading https://maven.aliyun.com/repository/central/org/jline/jline-parent/3.22.0/jline-parent-3.22.0.pom
Downloaded https://maven.aliyun.com/repository/central/io/github/java-diff-utils/java-diff-utils-parent/4.12/java-diff-utils-parent-4.12.pom
Downloading https://maven.aliyun.com/repository/central/io/github/java-diff-utils/java-diff-utils-parent/4.12/java-diff-utils-parent-4.12.pom.sha1
Downloaded https://maven.aliyun.com/repository/central/io/github/java-diff-utils/java-diff-utils-parent/4.12/java-diff-utils-parent-4.12.pom.sha1
Downloaded https://maven.aliyun.com/repository/central/org/jline/jline-parent/3.22.0/jline-parent-3.22.0.pom
Downloading https://maven.aliyun.com/repository/central/org/jline/jline-parent/3.22.0/jline-parent-3.22.0.pom.sha1
Downloaded https://maven.aliyun.com/repository/central/org/jline/jline-parent/3.22.0/jline-parent-3.22.0.pom.sha1
Downloading https://maven.aliyun.com/repository/central/com/lihaoyi/sourcecode_2.13/0.3.1/sourcecode_2.13-0.3.1.pom
Downloaded https://maven.aliyun.com/repository/central/com/lihaoyi/sourcecode_2.13/0.3.1/sourcecode_2.13-0.3.1.pom
Downloading https://maven.aliyun.com/repository/central/com/lihaoyi/sourcecode_2.13/0.3.1/sourcecode_2.13-0.3.1.pom.sha1
Downloaded https://maven.aliyun.com/repository/central/com/lihaoyi/sourcecode_2.13/0.3.1/sourcecode_2.13-0.3.1.pom.sha1
2025.07.29 21:21:19 INFO  compiling root (2 scala sources)[0m
2025.07.29 21:21:23 INFO  time: indexed workspace in 33s[0m
2025.07.29 21:21:23 INFO  time: compiled root in 4.2s[0m
2025.07.29 21:21:23 INFO  compiling root (2 scala sources)[0m
2025.07.29 21:21:24 INFO  compiling root-test (1 scala source)[0m
2025.07.29 21:21:24 INFO  time: compiled root in 1.45s[0m
2025.07.29 21:21:26 INFO  time: compiled root-test in 1.59s[0m
Jul 29, 2025 9:22:39 PM org.eclipse.lsp4j.jsonrpc.services.GenericEndpoint notify
INFO: Unsupported notification method: $/setTrace
2025.07.29 21:23:35 INFO  Shut down connection with build server.[0m
2025.07.29 21:23:35 INFO  Shut down connection with build server.[0m
2025.07.29 21:23:35 INFO  Shut down connection with build server.[0m
java.util.concurrent.RejectedExecutionException: Task Future(<not completed>) rejected from java.util.concurrent.ThreadPoolExecutor@658a8161[Terminated, pool size = 0, active threads = 0, queued tasks = 0, completed tasks = 4108]
	at java.base/java.util.concurrent.ThreadPoolExecutor$AbortPolicy.rejectedExecution(ThreadPoolExecutor.java:2065)
	at java.base/java.util.concurrent.ThreadPoolExecutor.reject(ThreadPoolExecutor.java:833)
	at java.base/java.util.concurrent.ThreadPoolExecutor.execute(ThreadPoolExecutor.java:1365)
	at scala.concurrent.impl.ExecutionContextImpl.execute(ExecutionContextImpl.scala:21)
	at scala.concurrent.impl.Promise$Transformation.submitWithValue(Promise.scala:429)
	at scala.concurrent.impl.Promise$DefaultPromise.submitWithValue(Promise.scala:338)
	at scala.concurrent.impl.Promise$DefaultPromise.tryComplete0(Promise.scala:285)
	at scala.concurrent.impl.Promise$Transformation.handleFailure(Promise.scala:444)
	at scala.concurrent.impl.Promise$Transformation.submitWithValue(Promise.scala:435)
	at scala.concurrent.impl.Promise$DefaultPromise.submitWithValue(Promise.scala:338)
	at scala.concurrent.impl.Promise$DefaultPromise.tryComplete0(Promise.scala:285)
	at scala.concurrent.impl.Promise$DefaultPromise.tryComplete(Promise.scala:278)
	at scala.concurrent.Promise.complete(Promise.scala:57)
	at scala.concurrent.Promise.complete$(Promise.scala:56)
	at scala.concurrent.impl.Promise$DefaultPromise.complete(Promise.scala:104)
	at bloop.rifle.internal.Operations$.$anonfun$bsp$1(Operations.scala:378)
	at bloop.rifle.BloopRifleLogger.$anonfun$runnable$1(BloopRifleLogger.scala:14)
	at java.base/java.lang.Thread.run(Thread.java:840)
java.util.concurrent.RejectedExecutionException: Task Future(<not completed>) rejected from java.util.concurrent.ThreadPoolExecutor@658a8161[Terminated, pool size = 0, active threads = 0, queued tasks = 0, completed tasks = 4108]
	at java.base/java.util.concurrent.ThreadPoolExecutor$AbortPolicy.rejectedExecution(ThreadPoolExecutor.java:2065)
	at java.base/java.util.concurrent.ThreadPoolExecutor.reject(ThreadPoolExecutor.java:833)
	at java.base/java.util.concurrent.ThreadPoolExecutor.execute(ThreadPoolExecutor.java:1365)
	at scala.concurrent.impl.ExecutionContextImpl.execute(ExecutionContextImpl.scala:21)
	at scala.concurrent.impl.Promise$Transformation.submitWithValue(Promise.scala:429)
	at scala.concurrent.impl.Promise$DefaultPromise.submitWithValue(Promise.scala:338)
	at scala.concurrent.impl.Promise$DefaultPromise.tryComplete0(Promise.scala:285)
	at scala.concurrent.impl.Promise$Transformation.handleFailure(Promise.scala:444)
	at scala.concurrent.impl.Promise$Transformation.submitWithValue(Promise.scala:435)
	at scala.concurrent.impl.Promise$DefaultPromise.submitWithValue(Promise.scala:338)
	at scala.concurrent.impl.Promise$DefaultPromise.tryComplete0(Promise.scala:285)
	at scala.concurrent.impl.Promise$DefaultPromise.tryComplete(Promise.scala:278)
	at scala.concurrent.Promise.complete(Promise.scala:57)
	at scala.concurrent.Promise.complete$(Promise.scala:56)
	at scala.concurrent.impl.Promise$DefaultPromise.complete(Promise.scala:104)
	at bloop.rifle.internal.Operations$.$anonfun$bsp$1(Operations.scala:378)
	at bloop.rifle.BloopRifleLogger.$anonfun$runnable$1(BloopRifleLogger.scala:14)
	at java.base/java.lang.Thread.run(Thread.java:840)
java.util.concurrent.RejectedExecutionException: Task Future(<not completed>) rejected from java.util.concurrent.ThreadPoolExecutor@658a8161[Terminated, pool size = 0, active threads = 0, queued tasks = 0, completed tasks = 4108]
	at java.base/java.util.concurrent.ThreadPoolExecutor$AbortPolicy.rejectedExecution(ThreadPoolExecutor.java:2065)
	at java.base/java.util.concurrent.ThreadPoolExecutor.reject(ThreadPoolExecutor.java:833)
	at java.base/java.util.concurrent.ThreadPoolExecutor.execute(ThreadPoolExecutor.java:1365)
	at scala.concurrent.impl.ExecutionContextImpl.execute(ExecutionContextImpl.scala:21)
	at scala.concurrent.impl.Promise$Transformation.submitWithValue(Promise.scala:429)
	at scala.concurrent.impl.Promise$DefaultPromise.submitWithValue(Promise.scala:338)
	at scala.concurrent.impl.Promise$DefaultPromise.tryComplete0(Promise.scala:285)
	at scala.concurrent.impl.Promise$Transformation.handleFailure(Promise.scala:444)
	at scala.concurrent.impl.Promise$Transformation.submitWithValue(Promise.scala:435)
	at scala.concurrent.impl.Promise$DefaultPromise.submitWithValue(Promise.scala:338)
	at scala.concurrent.impl.Promise$DefaultPromise.tryComplete0(Promise.scala:285)
	at scala.concurrent.impl.Promise$DefaultPromise.tryComplete(Promise.scala:278)
	at scala.concurrent.Promise.complete(Promise.scala:57)
	at scala.concurrent.Promise.complete$(Promise.scala:56)
	at scala.concurrent.impl.Promise$DefaultPromise.complete(Promise.scala:104)
	at bloop.rifle.internal.Operations$.$anonfun$bsp$1(Operations.scala:378)
	at bloop.rifle.BloopRifleLogger.$anonfun$runnable$1(BloopRifleLogger.scala:14)
	at java.base/java.lang.Thread.run(Thread.java:840)
2025.07.31 09:47:21 INFO  Started: Metals version 1.6.0 in folders '/home/qiu/chisel/mychisel' for client Visual Studio Code 1.96.2.[0m
2025.07.31 09:47:23 INFO  no build target found for /home/qiu/chisel/mychisel/src/main/scala/gcd/GCD.scala. Using presentation compiler with project's scala-library version: 3.3.6[0m
2025.07.31 09:47:23 INFO  Attempting to connect to the build server...[0m
2025.07.31 09:47:23 INFO  No running Bloop server found, starting one.[0m
2025.07.31 09:47:25 INFO  Starting compilation server[0m
2025.07.31 09:47:26 INFO  no build target found for /home/qiu/chisel/mychisel/src/main/scala/gcd/GCD.scala. Using presentation compiler with project's scala-library version: 3.3.6[0m
2025.07.31 09:47:27 INFO  no build target found for /home/qiu/chisel/mychisel/src/main/scala/gcd/GCD.scala. Using presentation compiler with project's scala-library version: 3.3.6[0m
Jul 31, 2025 9:47:27 AM org.eclipse.lsp4j.jsonrpc.RemoteEndpoint handleCancellation
WARNING: Unmatched cancel notification for request id 3
Jul 31, 2025 9:47:27 AM org.eclipse.lsp4j.jsonrpc.RemoteEndpoint handleCancellation
WARNING: Unmatched cancel notification for request id 6
Jul 31, 2025 9:47:27 AM org.eclipse.lsp4j.jsonrpc.RemoteEndpoint handleCancellation
WARNING: Unmatched cancel notification for request id 4
2025.07.31 09:47:26 INFO  no build target found for /home/qiu/chisel/mychisel/build.sbt. Using presentation compiler with project's scala-library version: 3.3.6[0m
2025.07.31 09:47:27 INFO  no build target found for /home/qiu/chisel/mychisel/build.sbt. Using presentation compiler with project's scala-library version: 3.3.6[0m
2025.07.31 09:47:26 INFO  no build target found for /home/qiu/chisel/mychisel/src/main/scala/gcd/GCD.scala. Using presentation compiler with project's scala-library version: 3.3.6[0m
2025.07.31 09:47:26 INFO  no build target found for /home/qiu/chisel/mychisel/src/main/scala/gcd/GCD.scala. Using presentation compiler with project's scala-library version: 3.3.6[0m
2025.07.31 09:47:26 INFO  no build target found for /home/qiu/chisel/mychisel/src/main/scala/gcd/GCD.scala. Using presentation compiler with project's scala-library version: 3.3.6[0m
2025.07.31 09:47:26 INFO  no build target found for /home/qiu/chisel/mychisel/src/main/scala/gcd/GCD.scala. Using presentation compiler with project's scala-library version: 3.3.6[0m
2025.07.31 09:47:26 INFO  no build target found for /home/qiu/chisel/mychisel/src/main/scala/gcd/GCD.scala. Using presentation compiler with project's scala-library version: 3.3.6[0m
2025.07.31 09:47:26 INFO  no build target found for /home/qiu/chisel/mychisel/src/main/scala/gcd/GCD.scala. Using presentation compiler with project's scala-library version: 3.3.6[0m
2025.07.31 09:47:26 INFO  no build target found for /home/qiu/chisel/mychisel/src/main/scala/gcd/GCD.scala. Using presentation compiler with project's scala-library version: 3.3.6[0m
2025.07.31 09:47:26 INFO  no build target found for /home/qiu/chisel/mychisel/src/main/scala/gcd/GCD.scala. Using presentation compiler with project's scala-library version: 3.3.6[0m
2025.07.31 09:47:26 INFO  no build target found for /home/qiu/chisel/mychisel/src/main/scala/gcd/GCD.scala. Using presentation compiler with project's scala-library version: 3.3.6[0m
2025.07.31 09:47:26 INFO  no build target found for /home/qiu/chisel/mychisel/src/main/scala/gcd/GCD.scala. Using presentation compiler with project's scala-library version: 3.3.6[0m
2025.07.31 09:47:26 INFO  no build target found for /home/qiu/chisel/mychisel/src/main/scala/gcd/GCD.scala. Using presentation compiler with project's scala-library version: 3.3.6[0m
2025.07.31 09:47:26 INFO  no build target found for /home/qiu/chisel/mychisel/src/main/scala/gcd/GCD.scala. Using presentation compiler with project's scala-library version: 3.3.6[0m
2025.07.31 09:47:26 INFO  no build target found for /home/qiu/chisel/mychisel/src/main/scala/gcd/GCD.scala. Using presentation compiler with project's scala-library version: 3.3.6[0m
2025.07.31 09:47:26 INFO  no build target found for /home/qiu/chisel/mychisel/src/main/scala/gcd/GCD.scala. Using presentation compiler with project's scala-library version: 3.3.6[0m
2025.07.31 09:47:26 INFO  no build target found for /home/qiu/chisel/mychisel/src/main/scala/gcd/GCD.scala. Using presentation compiler with project's scala-library version: 3.3.6[0m
2025.07.31 09:47:26 INFO  no build target found for /home/qiu/chisel/mychisel/src/main/scala/gcd/GCD.scala. Using presentation compiler with project's scala-library version: 3.3.6[0m
2025.07.31 09:47:26 INFO  no build target found for /home/qiu/chisel/mychisel/src/main/scala/gcd/GCD.scala. Using presentation compiler with project's scala-library version: 3.3.6[0m
2025.07.31 09:47:26 INFO  no build target found for /home/qiu/chisel/mychisel/src/main/scala/gcd/GCD.scala. Using presentation compiler with project's scala-library version: 3.3.6[0m
2025.07.31 09:47:26 INFO  no build target found for /home/qiu/chisel/mychisel/src/main/scala/gcd/GCD.scala. Using presentation compiler with project's scala-library version: 3.3.6[0m
2025.07.31 09:47:26 INFO  no build target found for /home/qiu/chisel/mychisel/src/main/scala/gcd/GCD.scala. Using presentation compiler with project's scala-library version: 3.3.6[0m
2025.07.31 09:47:26 INFO  no build target found for /home/qiu/chisel/mychisel/src/main/scala/gcd/GCD.scala. Using presentation compiler with project's scala-library version: 3.3.6[0m
2025.07.31 09:47:26 INFO  no build target found for /home/qiu/chisel/mychisel/src/main/scala/gcd/GCD.scala. Using presentation compiler with project's scala-library version: 3.3.6[0m
2025.07.31 09:47:26 INFO  no build target found for /home/qiu/chisel/mychisel/src/main/scala/gcd/GCD.scala. Using presentation compiler with project's scala-library version: 3.3.6[0m
2025.07.31 09:47:26 INFO  no build target found for /home/qiu/chisel/mychisel/src/main/scala/gcd/GCD.scala. Using presentation compiler with project's scala-library version: 3.3.6[0m
2025.07.31 09:47:26 INFO  no build target found for /home/qiu/chisel/mychisel/src/main/scala/gcd/GCD.scala. Using presentation compiler with project's scala-library version: 3.3.6[0m
2025.07.31 09:47:26 INFO  no build target found for /home/qiu/chisel/mychisel/src/main/scala/gcd/GCD.scala. Using presentation compiler with project's scala-library version: 3.3.6[0m
2025.07.31 09:47:26 INFO  no build target found for /home/qiu/chisel/mychisel/src/main/scala/gcd/GCD.scala. Using presentation compiler with project's scala-library version: 3.3.6[0m
2025.07.31 09:47:26 INFO  no build target found for /home/qiu/chisel/mychisel/src/main/scala/gcd/GCD.scala. Using presentation compiler with project's scala-library version: 3.3.6[0m
2025.07.31 09:47:26 INFO  no build target found for /home/qiu/chisel/mychisel/src/main/scala/gcd/GCD.scala. Using presentation compiler with project's scala-library version: 3.3.6[0m
2025.07.31 09:47:26 INFO  no build target found for /home/qiu/chisel/mychisel/src/main/scala/gcd/GCD.scala. Using presentation compiler with project's scala-library version: 3.3.6[0m
2025.07.31 09:47:26 INFO  no build target found for /home/qiu/chisel/mychisel/src/main/scala/gcd/GCD.scala. Using presentation compiler with project's scala-library version: 3.3.6[0m
2025.07.31 09:47:30 INFO  tracing is disabled for protocol BSP, to enable tracing of incoming and outgoing JSON messages create an empty file at /home/qiu/chisel/mychisel/.metals/bsp.trace.json or /home/qiu/.cache/metals/bsp.trace.json[0m
2025.07.31 09:47:31 INFO  Attempting to connect to the build server...[0m
2025.07.31 09:47:31 INFO  Found a Bloop server running[0m
2025.07.31 09:47:31 INFO  Attempting to connect to the build server...[0m
2025.07.31 09:47:31 INFO  Found a Bloop server running[0m
2025.07.31 09:47:31 INFO  tracing is disabled for protocol BSP, to enable tracing of incoming and outgoing JSON messages create an empty file at /home/qiu/chisel/mychisel/project/project/.metals/bsp.trace.json or /home/qiu/.cache/metals/bsp.trace.json[0m
2025.07.31 09:47:31 INFO  tracing is disabled for protocol BSP, to enable tracing of incoming and outgoing JSON messages create an empty file at /home/qiu/chisel/mychisel/project/.metals/bsp.trace.json or /home/qiu/.cache/metals/bsp.trace.json[0m
2025.07.31 09:47:31 INFO  time: Connected to build server in 8.35s[0m
2025.07.31 09:47:31 INFO  Connected to Build server: Bloop v2.0.10[0m
2025.07.31 09:47:32 INFO  time: Imported build in 0.46s[0m
2025.07.31 09:47:40 INFO  Created report: Optional[file:///home/qiu/chisel/mychisel/src/main/scala/gcd/GCD.scala][0m
2025.07.31 09:47:40 INFO  Created report: Optional[file:///home/qiu/chisel/mychisel/src/main/scala/gcd/GCD.scala][0m
2025.07.31 09:47:40 INFO  empty definition using pc, found symbol in pc:  (full report at: "/home/qiu/chisel/mychisel/.metals/.reports/metals-full/2025-07-31/r_empty-definition_(root)_09-47-40-439.md")[0m
2025.07.31 09:47:40 INFO  empty definition using pc, found symbol in pc:  (full report at: "/home/qiu/chisel/mychisel/.metals/.reports/metals-full/2025-07-31/r_empty-definition_(root)_09-47-40-442.md")[0m
2025.07.31 09:47:40 INFO  Created report: Optional[file:///home/qiu/chisel/mychisel/src/main/scala/gcd/GCD.scala][0m
2025.07.31 09:47:40 INFO  empty definition using pc, found symbol in pc:  (full report at: "/home/qiu/chisel/mychisel/.metals/.reports/metals-full/2025-07-31/r_empty-definition_(root)_09-47-40-482.md")[0m
2025.07.31 09:47:41 INFO  time: indexed workspace in 8.47s[0m
2025.07.31 09:47:41 INFO  compiling root (2 scala sources)[0m
2025.07.31 09:47:42 INFO  Created report: Optional[file:///home/qiu/chisel/mychisel/src/main/scala/gcd/GCD.scala][0m
2025.07.31 09:47:42 INFO  empty definition using pc, found symbol in pc:  (full report at: "/home/qiu/chisel/mychisel/.metals/.reports/metals-full/2025-07-31/r_empty-definition_(root)_09-47-42-309.md")[0m
2025.07.31 09:47:42 INFO  Created report: Optional[file:///home/qiu/chisel/mychisel/src/main/scala/gcd/GCD.scala][0m
2025.07.31 09:47:42 INFO  empty definition using pc, found symbol in pc:  (full report at: "/home/qiu/chisel/mychisel/.metals/.reports/metals-full/2025-07-31/r_empty-definition_(root)_09-47-42-314.md")[0m
2025.07.31 09:47:42 INFO  Created report: Optional[file:///home/qiu/chisel/mychisel/src/main/scala/gcd/GCD.scala][0m
2025.07.31 09:47:42 INFO  Created report: Optional[file:///home/qiu/chisel/mychisel/src/main/scala/gcd/GCD.scala][0m
2025.07.31 09:47:42 INFO  empty definition using pc, found symbol in pc:  (full report at: "/home/qiu/chisel/mychisel/.metals/.reports/metals-full/2025-07-31/r_empty-definition_(root)_09-47-42-323.md")[0m
2025.07.31 09:47:42 INFO  Created report: Optional[file:///home/qiu/chisel/mychisel/src/main/scala/gcd/GCD.scala][0m
2025.07.31 09:47:42 INFO  empty definition using pc, found symbol in pc:  (full report at: "/home/qiu/chisel/mychisel/.metals/.reports/metals-full/2025-07-31/r_empty-definition_(root)_09-47-42-324.md")[0m
2025.07.31 09:47:42 INFO  empty definition using pc, found symbol in pc:  (full report at: "/home/qiu/chisel/mychisel/.metals/.reports/metals-full/2025-07-31/r_empty-definition_(root)_09-47-42-317.md")[0m
2025.07.31 09:47:42 INFO  Created report: Optional[file:///home/qiu/chisel/mychisel/src/main/scala/gcd/GCD.scala][0m
2025.07.31 09:47:42 INFO  empty definition using pc, found symbol in pc:  (full report at: "/home/qiu/chisel/mychisel/.metals/.reports/metals-full/2025-07-31/r_empty-definition_(root)_09-47-42-674.md")[0m
2025.07.31 09:47:42 INFO  Created report: Optional[file:///home/qiu/chisel/mychisel/src/main/scala/gcd/GCD.scala][0m
2025.07.31 09:47:42 INFO  empty definition using pc, found symbol in pc:  (full report at: "/home/qiu/chisel/mychisel/.metals/.reports/metals-full/2025-07-31/r_empty-definition_(root)_09-47-42-677.md")[0m
2025.07.31 09:47:43 INFO  Created report: Optional[file:///home/qiu/chisel/mychisel/src/main/scala/gcd/GCD.scala][0m
2025.07.31 09:47:43 INFO  empty definition using pc, found symbol in pc:  (full report at: "/home/qiu/chisel/mychisel/.metals/.reports/metals-full/2025-07-31/r_empty-definition_(root)_09-47-43-545.md")[0m
2025.07.31 09:47:43 INFO  Created report: Optional[file:///home/qiu/chisel/mychisel/src/main/scala/gcd/GCD.scala][0m
2025.07.31 09:47:43 INFO  empty definition using pc, found symbol in pc:  (full report at: "/home/qiu/chisel/mychisel/.metals/.reports/metals-full/2025-07-31/r_empty-definition_(root)_09-47-43-570.md")[0m
2025.07.31 09:47:43 INFO  Created report: Optional[file:///home/qiu/chisel/mychisel/src/main/scala/gcd/GCD.scala][0m
2025.07.31 09:47:43 INFO  empty definition using pc, found symbol in pc:  (full report at: "/home/qiu/chisel/mychisel/.metals/.reports/metals-full/2025-07-31/r_empty-definition_(root)_09-47-43-583.md")[0m
2025.07.31 09:47:43 INFO  Created report: Optional[file:///home/qiu/chisel/mychisel/src/main/scala/gcd/GCD.scala][0m
2025.07.31 09:47:43 INFO  empty definition using pc, found symbol in pc:  (full report at: "/home/qiu/chisel/mychisel/.metals/.reports/metals-full/2025-07-31/r_empty-definition_(root)_09-47-43-797.md")[0m
2025.07.31 09:47:44 INFO  Created report: Optional[file:///home/qiu/chisel/mychisel/src/main/scala/gcd/GCD.scala][0m
2025.07.31 09:47:44 INFO  Created report: Optional[file:///home/qiu/chisel/mychisel/src/main/scala/gcd/GCD.scala][0m
2025.07.31 09:47:44 INFO  empty definition using pc, found symbol in pc:  (full report at: "/home/qiu/chisel/mychisel/.metals/.reports/metals-full/2025-07-31/r_empty-definition_(root)_09-47-44-993.md")[0m
2025.07.31 09:47:44 INFO  empty definition using pc, found symbol in pc:  (full report at: "/home/qiu/chisel/mychisel/.metals/.reports/metals-full/2025-07-31/r_empty-definition_(root)_09-47-44-994.md")[0m
2025.07.31 09:47:45 INFO  Created report: Optional[file:///home/qiu/chisel/mychisel/src/main/scala/gcd/GCD.scala][0m
2025.07.31 09:47:45 INFO  empty definition using pc, found symbol in pc:  (full report at: "/home/qiu/chisel/mychisel/.metals/.reports/metals-full/2025-07-31/r_empty-definition_(root)_09-47-45-001.md")[0m
2025.07.31 09:47:45 INFO  Created report: Optional[file:///home/qiu/chisel/mychisel/src/main/scala/gcd/GCD.scala][0m
2025.07.31 09:47:45 INFO  empty definition using pc, found symbol in pc:  (full report at: "/home/qiu/chisel/mychisel/.metals/.reports/metals-full/2025-07-31/r_empty-definition_(root)_09-47-45-006.md")[0m
2025.07.31 09:47:45 INFO  Created report: Optional[file:///home/qiu/chisel/mychisel/src/main/scala/gcd/GCD.scala][0m
2025.07.31 09:47:45 INFO  empty definition using pc, found symbol in pc:  (full report at: "/home/qiu/chisel/mychisel/.metals/.reports/metals-full/2025-07-31/r_empty-definition_(root)_09-47-45-009.md")[0m
2025.07.31 09:47:45 INFO  Created report: Optional[file:///home/qiu/chisel/mychisel/src/main/scala/gcd/GCD.scala][0m
2025.07.31 09:47:45 INFO  empty definition using pc, found symbol in pc:  (full report at: "/home/qiu/chisel/mychisel/.metals/.reports/metals-full/2025-07-31/r_empty-definition_(root)_09-47-45-010.md")[0m
Jul 31, 2025 9:47:45 AM scala.meta.internal.pc.CompilerAccess retryWithCleanCompiler
INFO: compiler crashed due to an error in the Scala compiler, retrying with new compiler instance.
2025.07.31 09:47:45 INFO  Created report: Optional[file:///home/qiu/chisel/mychisel/src/main/scala/gcd/GCD.scala][0m
2025.07.31 09:47:45 INFO  empty definition using pc, found symbol in pc:  (full report at: "/home/qiu/chisel/mychisel/.metals/.reports/metals-full/2025-07-31/r_empty-definition_(root)_09-47-45-011.md")[0m
2025.07.31 09:47:45 INFO  Created report: Optional[file:///home/qiu/chisel/mychisel/src/main/scala/gcd/GCD.scala][0m
2025.07.31 09:47:45 INFO  scala.reflect.internal.FatalError: no context found for source-file:///home/qiu/chisel/mychisel/src/main/scala/gcd/GCD.scala,line-1,offset=3 (full report at: "/home/qiu/chisel/mychisel/.metals/.reports/metals-full/2025-07-31/r_compiler-error_(root)_09-47-45-165.md")[0m
2025.07.31 09:47:45 INFO  Created report: Optional[file:///home/qiu/chisel/mychisel/src/main/scala/gcd/GCD.scala][0m
2025.07.31 09:47:45 INFO  empty definition using pc, found symbol in pc:  (full report at: "/home/qiu/chisel/mychisel/.metals/.reports/metals-full/2025-07-31/r_empty-definition_(root)_09-47-45-174.md")[0m
2025.07.31 09:47:45 INFO  Created report: Optional[file:///home/qiu/chisel/mychisel/src/main/scala/gcd/GCD.scala][0m
2025.07.31 09:47:45 INFO  empty definition using pc, found symbol in pc:  (full report at: "/home/qiu/chisel/mychisel/.metals/.reports/metals-full/2025-07-31/r_empty-definition_(root)_09-47-45-227.md")[0m
Jul 31, 2025 9:47:45 AM scala.meta.internal.pc.CompilerAccess retryWithCleanCompiler
INFO: compiler crashed due to an error in the Scala compiler, retrying with new compiler instance.
2025.07.31 09:47:45 INFO  Created report: Optional[file:///home/qiu/chisel/mychisel/src/main/scala/gcd/GCD.scala][0m
2025.07.31 09:47:45 INFO  scala.reflect.internal.FatalError: no context found for source-file:///home/qiu/chisel/mychisel/src/main/scala/gcd/GCD.scala,line-1,offset=7 (full report at: "/home/qiu/chisel/mychisel/.metals/.reports/metals-full/2025-07-31/r_compiler-error_(root)_09-47-45-435.md")[0m
Jul 31, 2025 9:47:45 AM scala.meta.internal.pc.CompilerAccess retryWithCleanCompiler
INFO: compiler crashed due to an error in the Scala compiler, retrying with new compiler instance.
2025.07.31 09:47:45 INFO  Created report: Optional[file:///home/qiu/chisel/mychisel/src/main/scala/gcd/GCD.scala][0m
2025.07.31 09:47:45 INFO  scala.reflect.internal.FatalError: no context found for source-file:///home/qiu/chisel/mychisel/src/main/scala/gcd/GCD.scala,line-1,offset=7 (full report at: "/home/qiu/chisel/mychisel/.metals/.reports/metals-full/2025-07-31/r_compiler-error_(root)_09-47-45-664.md")[0m
2025.07.31 09:47:45 INFO  Created report: Optional[file:///home/qiu/chisel/mychisel/src/main/scala/gcd/GCD.scala][0m
2025.07.31 09:47:45 INFO  empty definition using pc, found symbol in pc:  (full report at: "/home/qiu/chisel/mychisel/.metals/.reports/metals-full/2025-07-31/r_empty-definition_(root)_09-47-45-679.md")[0m
Jul 31, 2025 9:47:45 AM scala.meta.internal.pc.CompilerAccess retryWithCleanCompiler
INFO: compiler crashed due to an error in the Scala compiler, retrying with new compiler instance.
2025.07.31 09:47:45 INFO  Created report: Optional[file:///home/qiu/chisel/mychisel/src/main/scala/gcd/GCD.scala][0m
2025.07.31 09:47:45 INFO  scala.reflect.internal.FatalError: no context found for source-file:///home/qiu/chisel/mychisel/src/main/scala/gcd/GCD.scala,line-1,offset=14 (full report at: "/home/qiu/chisel/mychisel/.metals/.reports/metals-full/2025-07-31/r_compiler-error_(root)_09-47-45-968.md")[0m
Jul 31, 2025 9:47:46 AM scala.meta.internal.pc.CompilerAccess retryWithCleanCompiler
INFO: compiler crashed due to an error in the Scala compiler, retrying with new compiler instance.
2025.07.31 09:47:46 INFO  Created report: Optional[file:///home/qiu/chisel/mychisel/src/main/scala/gcd/GCD.scala][0m
2025.07.31 09:47:46 INFO  scala.reflect.internal.FatalError: no context found for source-file:///home/qiu/chisel/mychisel/src/main/scala/gcd/GCD.scala,line-1,offset=14 (full report at: "/home/qiu/chisel/mychisel/.metals/.reports/metals-full/2025-07-31/r_compiler-error_(root)_09-47-46-219.md")[0m
2025.07.31 09:47:46 INFO  Created report: Optional[file:///home/qiu/chisel/mychisel/src/main/scala/gcd/GCD.scala][0m
2025.07.31 09:47:46 INFO  empty definition using pc, found symbol in pc:  (full report at: "/home/qiu/chisel/mychisel/.metals/.reports/metals-full/2025-07-31/r_empty-definition_(root)_09-47-46-229.md")[0m
Jul 31, 2025 9:47:46 AM scala.meta.internal.pc.CompilerAccess retryWithCleanCompiler
INFO: compiler crashed due to an error in the Scala compiler, retrying with new compiler instance.
2025.07.31 09:47:46 INFO  Created report: Optional[file:///home/qiu/chisel/mychisel/src/main/scala/gcd/GCD.scala][0m
2025.07.31 09:47:46 INFO  scala.reflect.internal.FatalError: no context found for source-file:///home/qiu/chisel/mychisel/src/main/scala/gcd/GCD.scala,line-1,offset=17 (full report at: "/home/qiu/chisel/mychisel/.metals/.reports/metals-full/2025-07-31/r_compiler-error_(root)_09-47-46-463.md")[0m
Jul 31, 2025 9:47:46 AM scala.meta.internal.pc.CompilerAccess retryWithCleanCompiler
INFO: compiler crashed due to an error in the Scala compiler, retrying with new compiler instance.
2025.07.31 09:47:46 INFO  Created report: Optional[file:///home/qiu/chisel/mychisel/src/main/scala/gcd/GCD.scala][0m
2025.07.31 09:47:46 INFO  scala.reflect.internal.FatalError: no context found for source-file:///home/qiu/chisel/mychisel/src/main/scala/gcd/GCD.scala,line-1,offset=17 (full report at: "/home/qiu/chisel/mychisel/.metals/.reports/metals-full/2025-07-31/r_compiler-error_(root)_09-47-46-673.md")[0m
2025.07.31 09:47:46 INFO  Created report: Optional[file:///home/qiu/chisel/mychisel/src/main/scala/gcd/GCD.scala][0m
2025.07.31 09:47:46 INFO  empty definition using pc, found symbol in pc:  (full report at: "/home/qiu/chisel/mychisel/.metals/.reports/metals-full/2025-07-31/r_empty-definition_(root)_09-47-46-684.md")[0m
Jul 31, 2025 9:47:46 AM scala.meta.internal.pc.CompilerAccess retryWithCleanCompiler
INFO: compiler crashed due to an error in the Scala compiler, retrying with new compiler instance.
2025.07.31 09:47:46 INFO  Created report: Optional[file:///home/qiu/chisel/mychisel/src/main/scala/gcd/GCD.scala][0m
2025.07.31 09:47:46 INFO  empty definition using pc, found symbol in pc:  (full report at: "/home/qiu/chisel/mychisel/.metals/.reports/metals-full/2025-07-31/r_empty-definition_(root)_09-47-46-765.md")[0m
2025.07.31 09:47:46 INFO  Created report: Optional[file:///home/qiu/chisel/mychisel/src/main/scala/gcd/GCD.scala][0m
2025.07.31 09:47:46 INFO  scala.reflect.internal.FatalError: no context found for source-file:///home/qiu/chisel/mychisel/src/main/scala/gcd/GCD.scala,line-1,offset=21 (full report at: "/home/qiu/chisel/mychisel/.metals/.reports/metals-full/2025-07-31/r_compiler-error_(root)_09-47-46-839.md")[0m
Jul 31, 2025 9:47:46 AM scala.meta.internal.pc.CompilerAccess retryWithCleanCompiler
INFO: compiler crashed due to an error in the Scala compiler, retrying with new compiler instance.
2025.07.31 09:47:46 INFO  Created report: Optional[file:///home/qiu/chisel/mychisel/src/main/scala/gcd/GCD.scala][0m
2025.07.31 09:47:46 INFO  scala.reflect.internal.FatalError: no context found for source-file:///home/qiu/chisel/mychisel/src/main/scala/gcd/GCD.scala,line-1,offset=21 (full report at: "/home/qiu/chisel/mychisel/.metals/.reports/metals-full/2025-07-31/r_compiler-error_(root)_09-47-47-039.md")[0m
2025.07.31 09:47:47 INFO  Created report: Optional[file:///home/qiu/chisel/mychisel/src/main/scala/gcd/GCD.scala][0m
2025.07.31 09:47:47 INFO  empty definition using pc, found symbol in pc:  (full report at: "/home/qiu/chisel/mychisel/.metals/.reports/metals-full/2025-07-31/r_empty-definition_(root)_09-47-47-045.md")[0m
Jul 31, 2025 9:47:47 AM scala.meta.internal.pc.CompilerAccess retryWithCleanCompiler
INFO: compiler crashed due to an error in the Scala compiler, retrying with new compiler instance.
2025.07.31 09:47:47 INFO  Created report: Optional[file:///home/qiu/chisel/mychisel/src/main/scala/gcd/GCD.scala][0m
2025.07.31 09:47:47 INFO  empty definition using pc, found symbol in pc:  (full report at: "/home/qiu/chisel/mychisel/.metals/.reports/metals-full/2025-07-31/r_empty-definition_(root)_09-47-47-169.md")[0m
2025.07.31 09:47:47 INFO  Created report: Optional[file:///home/qiu/chisel/mychisel/src/main/scala/gcd/GCD.scala][0m
2025.07.31 09:47:47 INFO  scala.reflect.internal.FatalError: no context found for source-file:///home/qiu/chisel/mychisel/src/main/scala/gcd/GCD.scala,line-1,offset=29 (full report at: "/home/qiu/chisel/mychisel/.metals/.reports/metals-full/2025-07-31/r_compiler-error_(root)_09-47-47-278.md")[0m
Jul 31, 2025 9:47:47 AM scala.meta.internal.pc.CompilerAccess retryWithCleanCompiler
INFO: compiler crashed due to an error in the Scala compiler, retrying with new compiler instance.
2025.07.31 09:47:47 INFO  Created report: Optional[file:///home/qiu/chisel/mychisel/src/main/scala/gcd/GCD.scala][0m
2025.07.31 09:47:47 INFO  scala.reflect.internal.FatalError: no context found for source-file:///home/qiu/chisel/mychisel/src/main/scala/gcd/GCD.scala,line-1,offset=29 (full report at: "/home/qiu/chisel/mychisel/.metals/.reports/metals-full/2025-07-31/r_compiler-error_(root)_09-47-47-488.md")[0m
2025.07.31 09:47:46 INFO  Created report: Optional[file:///home/qiu/chisel/mychisel/src/main/scala/gcd/GCD.scala][0m
2025.07.31 09:47:46 INFO  empty definition using pc, found symbol in pc:  (full report at: "/home/qiu/chisel/mychisel/.metals/.reports/metals-full/2025-07-31/r_empty-definition_(root)_09-47-47-505.md")[0m
2025.07.31 09:47:47 INFO  Created report: Optional[file:///home/qiu/chisel/mychisel/src/main/scala/gcd/GCD.scala][0m
2025.07.31 09:47:47 INFO  empty definition using pc, found symbol in pc:  (full report at: "/home/qiu/chisel/mychisel/.metals/.reports/metals-full/2025-07-31/r_empty-definition_(root)_09-47-47-601.md")[0m
2025.07.31 09:47:47 INFO  Created report: Optional[file:///home/qiu/chisel/mychisel/src/main/scala/gcd/GCD.scala][0m
2025.07.31 09:47:47 INFO  empty definition using pc, found symbol in pc:  (full report at: "/home/qiu/chisel/mychisel/.metals/.reports/metals-full/2025-07-31/r_empty-definition_(root)_09-47-47-624.md")[0m
2025.07.31 09:47:47 INFO  Created report: Optional[file:///home/qiu/chisel/mychisel/src/main/scala/gcd/GCD.scala][0m
2025.07.31 09:47:47 INFO  empty definition using pc, found symbol in pc:  (full report at: "/home/qiu/chisel/mychisel/.metals/.reports/metals-full/2025-07-31/r_empty-definition_(root)_09-47-47-671.md")[0m
2025.07.31 09:47:47 INFO  Created report: Optional[file:///home/qiu/chisel/mychisel/src/main/scala/gcd/GCD.scala][0m
2025.07.31 09:47:47 INFO  empty definition using pc, found symbol in pc:  (full report at: "/home/qiu/chisel/mychisel/.metals/.reports/metals-full/2025-07-31/r_empty-definition_(root)_09-47-47-750.md")[0m
2025.07.31 09:47:47 INFO  Created report: Optional[file:///home/qiu/chisel/mychisel/src/main/scala/gcd/GCD.scala][0m
2025.07.31 09:47:47 INFO  empty definition using pc, found symbol in pc:  (full report at: "/home/qiu/chisel/mychisel/.metals/.reports/metals-full/2025-07-31/r_empty-definition_(root)_09-47-47-832.md")[0m
2025.07.31 09:47:47 INFO  Created report: Optional[file:///home/qiu/chisel/mychisel/src/main/scala/gcd/GCD.scala][0m
2025.07.31 09:47:47 INFO  empty definition using pc, found symbol in pc:  (full report at: "/home/qiu/chisel/mychisel/.metals/.reports/metals-full/2025-07-31/r_empty-definition_(root)_09-47-47-835.md")[0m
2025.07.31 09:47:48 INFO  Created report: Optional[file:///home/qiu/chisel/mychisel/src/main/scala/gcd/GCD.scala][0m
2025.07.31 09:47:48 INFO  Created report: Optional[file:///home/qiu/chisel/mychisel/src/main/scala/gcd/GCD.scala][0m
2025.07.31 09:47:48 INFO  empty definition using pc, found symbol in pc:  (full report at: "/home/qiu/chisel/mychisel/.metals/.reports/metals-full/2025-07-31/r_empty-definition_(root)_09-47-48-512.md")[0m
2025.07.31 09:47:48 INFO  empty definition using pc, found symbol in pc:  (full report at: "/home/qiu/chisel/mychisel/.metals/.reports/metals-full/2025-07-31/r_empty-definition_(root)_09-47-48-515.md")[0m
2025.07.31 09:47:48 INFO  Created report: Optional[file:///home/qiu/chisel/mychisel/src/main/scala/gcd/GCD.scala][0m
2025.07.31 09:47:47 INFO  Created report: Optional[file:///home/qiu/chisel/mychisel/src/main/scala/gcd/GCD.scala][0m
2025.07.31 09:47:47 INFO  empty definition using pc, found symbol in pc:  (full report at: "/home/qiu/chisel/mychisel/.metals/.reports/metals-full/2025-07-31/r_empty-definition_(root)_09-47-48-524.md")[0m
2025.07.31 09:47:48 INFO  Created report: Optional[file:///home/qiu/chisel/mychisel/src/main/scala/gcd/GCD.scala][0m
2025.07.31 09:47:48 INFO  empty definition using pc, found symbol in pc:  (full report at: "/home/qiu/chisel/mychisel/.metals/.reports/metals-full/2025-07-31/r_empty-definition_(root)_09-47-48-525.md")[0m
2025.07.31 09:47:48 INFO  empty definition using pc, found symbol in pc:  (full report at: "/home/qiu/chisel/mychisel/.metals/.reports/metals-full/2025-07-31/r_empty-definition_(root)_09-47-48-524.md")[0m
2025.07.31 09:47:48 INFO  compiling root-test (1 scala source)[0m
Jul 31, 2025 9:47:48 AM scala.meta.internal.pc.CompilerAccess retryWithCleanCompiler
INFO: compiler crashed due to an error in the Scala compiler, retrying with new compiler instance.
2025.07.31 09:47:48 INFO  time: compiled root in 6.95s[0m
2025.07.31 09:47:49 INFO  empty definition using pc, found symbol in pc:  (full report at: "/home/qiu/chisel/mychisel/.metals/.reports/metals-full/2025-07-31/r_empty-definition_(root)_09-47-49-817.md")[0m
2025.07.31 09:47:49 INFO  empty definition using pc, found symbol in pc:  (full report at: "/home/qiu/chisel/mychisel/.metals/.reports/metals-full/2025-07-31/r_empty-definition_(root)_09-47-49-817.md")[0m
2025.07.31 09:47:49 INFO  Created report: Optional[file:///home/qiu/chisel/mychisel/src/main/scala/gcd/GCD.scala][0m
2025.07.31 09:47:49 INFO  empty definition using pc, found symbol in pc:  (full report at: "/home/qiu/chisel/mychisel/.metals/.reports/metals-full/2025-07-31/r_empty-definition_(root)_09-47-49-817.md")[0m
2025.07.31 09:47:49 INFO  empty definition using pc, found symbol in pc:  (full report at: "/home/qiu/chisel/mychisel/.metals/.reports/metals-full/2025-07-31/r_empty-definition_(root)_09-47-49-817.md")[0m
2025.07.31 09:47:49 INFO  empty definition using pc, found symbol in pc:  (full report at: "/home/qiu/chisel/mychisel/.metals/.reports/metals-full/2025-07-31/r_empty-definition_(root)_09-47-49-817.md")[0m
2025.07.31 09:47:49 INFO  empty definition using pc, found symbol in pc:  (full report at: "/home/qiu/chisel/mychisel/.metals/.reports/metals-full/2025-07-31/r_empty-definition_(root)_09-47-49-817.md")[0m
2025.07.31 09:47:49 INFO  empty definition using pc, found symbol in pc:  (full report at: "/home/qiu/chisel/mychisel/.metals/.reports/metals-full/2025-07-31/r_empty-definition_(root)_09-47-49-817.md")[0m
2025.07.31 09:47:50 INFO  empty definition using pc, found symbol in pc:  (full report at: "/home/qiu/chisel/mychisel/.metals/.reports/metals-full/2025-07-31/r_empty-definition_(root)_09-47-49-817.md")[0m
2025.07.31 09:47:50 INFO  empty definition using pc, found symbol in pc:  (full report at: "/home/qiu/chisel/mychisel/.metals/.reports/metals-full/2025-07-31/r_empty-definition_(root)_09-47-49-817.md")[0m
2025.07.31 09:47:50 INFO  empty definition using pc, found symbol in pc:  (full report at: "/home/qiu/chisel/mychisel/.metals/.reports/metals-full/2025-07-31/r_empty-definition_(root)_09-47-49-817.md")[0m
2025.07.31 09:47:50 INFO  empty definition using pc, found symbol in pc:  (full report at: "/home/qiu/chisel/mychisel/.metals/.reports/metals-full/2025-07-31/r_empty-definition_(root)_09-47-49-817.md")[0m
2025.07.31 09:47:50 INFO  empty definition using pc, found symbol in pc:  (full report at: "/home/qiu/chisel/mychisel/.metals/.reports/metals-full/2025-07-31/r_empty-definition_(root)_09-47-49-817.md")[0m
2025.07.31 09:47:50 INFO  empty definition using pc, found symbol in pc:  (full report at: "/home/qiu/chisel/mychisel/.metals/.reports/metals-full/2025-07-31/r_empty-definition_(root)_09-47-49-817.md")[0m
2025.07.31 09:47:50 INFO  empty definition using pc, found symbol in pc:  (full report at: "/home/qiu/chisel/mychisel/.metals/.reports/metals-full/2025-07-31/r_empty-definition_(root)_09-47-49-817.md")[0m
2025.07.31 09:47:50 INFO  empty definition using pc, found symbol in pc:  (full report at: "/home/qiu/chisel/mychisel/.metals/.reports/metals-full/2025-07-31/r_empty-definition_(root)_09-47-49-817.md")[0m
2025.07.31 09:47:50 INFO  empty definition using pc, found symbol in pc:  (full report at: "/home/qiu/chisel/mychisel/.metals/.reports/metals-full/2025-07-31/r_empty-definition_(root)_09-47-49-817.md")[0m
2025.07.31 09:47:50 INFO  empty definition using pc, found symbol in pc:  (full report at: "/home/qiu/chisel/mychisel/.metals/.reports/metals-full/2025-07-31/r_empty-definition_(root)_09-47-49-817.md")[0m
2025.07.31 09:47:50 INFO  empty definition using pc, found symbol in pc:  (full report at: "/home/qiu/chisel/mychisel/.metals/.reports/metals-full/2025-07-31/r_empty-definition_(root)_09-47-49-817.md")[0m
2025.07.31 09:47:50 INFO  empty definition using pc, found symbol in pc:  (full report at: "/home/qiu/chisel/mychisel/.metals/.reports/metals-full/2025-07-31/r_empty-definition_(root)_09-47-49-817.md")[0m
2025.07.31 09:47:50 INFO  empty definition using pc, found symbol in pc:  (full report at: "/home/qiu/chisel/mychisel/.metals/.reports/metals-full/2025-07-31/r_empty-definition_(root)_09-47-49-817.md")[0m
2025.07.31 09:47:50 INFO  empty definition using pc, found symbol in pc:  (full report at: "/home/qiu/chisel/mychisel/.metals/.reports/metals-full/2025-07-31/r_empty-definition_(root)_09-47-49-817.md")[0m
2025.07.31 09:47:50 INFO  empty definition using pc, found symbol in pc:  (full report at: "/home/qiu/chisel/mychisel/.metals/.reports/metals-full/2025-07-31/r_empty-definition_(root)_09-47-49-817.md")[0m
2025.07.31 09:47:50 INFO  empty definition using pc, found symbol in pc:  (full report at: "/home/qiu/chisel/mychisel/.metals/.reports/metals-full/2025-07-31/r_empty-definition_(root)_09-47-49-817.md")[0m
2025.07.31 09:47:50 INFO  empty definition using pc, found symbol in pc:  (full report at: "/home/qiu/chisel/mychisel/.metals/.reports/metals-full/2025-07-31/r_empty-definition_(root)_09-47-49-817.md")[0m
2025.07.31 09:47:50 INFO  empty definition using pc, found symbol in pc:  (full report at: "/home/qiu/chisel/mychisel/.metals/.reports/metals-full/2025-07-31/r_empty-definition_(root)_09-47-49-817.md")[0m
2025.07.31 09:47:50 INFO  empty definition using pc, found symbol in pc:  (full report at: "/home/qiu/chisel/mychisel/.metals/.reports/metals-full/2025-07-31/r_empty-definition_(root)_09-47-49-817.md")[0m
2025.07.31 09:47:50 INFO  empty definition using pc, found symbol in pc:  (full report at: "/home/qiu/chisel/mychisel/.metals/.reports/metals-full/2025-07-31/r_empty-definition_(root)_09-47-49-817.md")[0m
2025.07.31 09:47:50 INFO  empty definition using pc, found symbol in pc:  (full report at: "/home/qiu/chisel/mychisel/.metals/.reports/metals-full/2025-07-31/r_empty-definition_(root)_09-47-49-817.md")[0m
2025.07.31 09:47:50 INFO  empty definition using pc, found symbol in pc:  (full report at: "/home/qiu/chisel/mychisel/.metals/.reports/metals-full/2025-07-31/r_empty-definition_(root)_09-47-49-817.md")[0m
2025.07.31 09:47:50 INFO  empty definition using pc, found symbol in pc:  (full report at: "/home/qiu/chisel/mychisel/.metals/.reports/metals-full/2025-07-31/r_empty-definition_(root)_09-47-49-817.md")[0m
2025.07.31 09:47:50 INFO  empty definition using pc, found symbol in pc:  (full report at: "/home/qiu/chisel/mychisel/.metals/.reports/metals-full/2025-07-31/r_empty-definition_(root)_09-47-49-817.md")[0m
2025.07.31 09:47:50 INFO  empty definition using pc, found symbol in pc:  (full report at: "/home/qiu/chisel/mychisel/.metals/.reports/metals-full/2025-07-31/r_empty-definition_(root)_09-47-49-817.md")[0m
2025.07.31 09:47:50 INFO  empty definition using pc, found symbol in pc:  (full report at: "/home/qiu/chisel/mychisel/.metals/.reports/metals-full/2025-07-31/r_empty-definition_(root)_09-47-49-817.md")[0m
2025.07.31 09:47:50 INFO  empty definition using pc, found symbol in pc:  (full report at: "/home/qiu/chisel/mychisel/.metals/.reports/metals-full/2025-07-31/r_empty-definition_(root)_09-47-49-817.md")[0m
2025.07.31 09:47:50 INFO  empty definition using pc, found symbol in pc:  (full report at: "/home/qiu/chisel/mychisel/.metals/.reports/metals-full/2025-07-31/r_empty-definition_(root)_09-47-49-817.md")[0m
2025.07.31 09:47:50 INFO  empty definition using pc, found symbol in pc:  (full report at: "/home/qiu/chisel/mychisel/.metals/.reports/metals-full/2025-07-31/r_empty-definition_(root)_09-47-49-817.md")[0m
2025.07.31 09:47:50 INFO  empty definition using pc, found symbol in pc:  (full report at: "/home/qiu/chisel/mychisel/.metals/.reports/metals-full/2025-07-31/r_empty-definition_(root)_09-47-49-817.md")[0m
2025.07.31 09:47:50 INFO  empty definition using pc, found symbol in pc:  (full report at: "/home/qiu/chisel/mychisel/.metals/.reports/metals-full/2025-07-31/r_empty-definition_(root)_09-47-49-817.md")[0m
2025.07.31 09:47:50 INFO  empty definition using pc, found symbol in pc:  (full report at: "/home/qiu/chisel/mychisel/.metals/.reports/metals-full/2025-07-31/r_empty-definition_(root)_09-47-49-817.md")[0m
2025.07.31 09:47:51 INFO  time: compiled root-test in 3.09s[0m
2025.07.31 09:47:57 INFO  time: code lens generation in 5.39s[0m
2025.07.31 09:47:57 INFO  time: code lens generation in 4.44s[0m
2025.07.31 09:47:57 INFO  time: code lens generation in 5.4s[0m
2025.07.31 09:52:38 INFO  Created report: Optional[file:///home/qiu/chisel/mychisel/build.sbt][0m
2025.07.31 09:52:38 INFO  empty definition using pc, found symbol in pc:  (full report at: "/home/qiu/chisel/mychisel/.metals/.reports/metals-full/2025-07-31/r_empty-definition_(mychisel-build)_09-52-38-471.md")[0m
2025.07.31 09:52:41 INFO  empty definition using pc, found symbol in pc:  (full report at: "/home/qiu/chisel/mychisel/.metals/.reports/metals-full/2025-07-31/r_empty-definition_(mychisel-build)_09-52-38-471.md")[0m
2025.07.31 09:52:42 INFO  empty definition using pc, found symbol in pc:  (full report at: "/home/qiu/chisel/mychisel/.metals/.reports/metals-full/2025-07-31/r_empty-definition_(mychisel-build)_09-52-38-471.md")[0m
2025.07.31 09:52:42 INFO  empty definition using pc, found symbol in pc:  (full report at: "/home/qiu/chisel/mychisel/.metals/.reports/metals-full/2025-07-31/r_empty-definition_(mychisel-build)_09-52-38-471.md")[0m
2025.07.31 09:52:42 INFO  empty definition using pc, found symbol in pc:  (full report at: "/home/qiu/chisel/mychisel/.metals/.reports/metals-full/2025-07-31/r_empty-definition_(mychisel-build)_09-52-38-471.md")[0m
2025.07.31 09:52:42 INFO  empty definition using pc, found symbol in pc:  (full report at: "/home/qiu/chisel/mychisel/.metals/.reports/metals-full/2025-07-31/r_empty-definition_(mychisel-build)_09-52-38-471.md")[0m
Jul 31, 2025 9:52:42 AM org.eclipse.lsp4j.jsonrpc.RemoteEndpoint handleCancellation
WARNING: Unmatched cancel notification for request id 379
2025.07.31 09:52:49 INFO  empty definition using pc, found symbol in pc:  (full report at: "/home/qiu/chisel/mychisel/.metals/.reports/metals-full/2025-07-31/r_empty-definition_(mychisel-build)_09-52-38-471.md")[0m
2025.07.31 09:52:49 INFO  empty definition using pc, found symbol in pc:  (full report at: "/home/qiu/chisel/mychisel/.metals/.reports/metals-full/2025-07-31/r_empty-definition_(mychisel-build)_09-52-38-471.md")[0m
2025.07.31 09:52:49 INFO  empty definition using pc, found symbol in pc:  (full report at: "/home/qiu/chisel/mychisel/.metals/.reports/metals-full/2025-07-31/r_empty-definition_(mychisel-build)_09-52-38-471.md")[0m
2025.07.31 09:52:49 INFO  empty definition using pc, found symbol in pc:  (full report at: "/home/qiu/chisel/mychisel/.metals/.reports/metals-full/2025-07-31/r_empty-definition_(mychisel-build)_09-52-38-471.md")[0m
2025.07.31 09:52:49 INFO  empty definition using pc, found symbol in pc:  (full report at: "/home/qiu/chisel/mychisel/.metals/.reports/metals-full/2025-07-31/r_empty-definition_(mychisel-build)_09-52-38-471.md")[0m
2025.07.31 09:52:49 INFO  empty definition using pc, found symbol in pc:  (full report at: "/home/qiu/chisel/mychisel/.metals/.reports/metals-full/2025-07-31/r_empty-definition_(mychisel-build)_09-52-38-471.md")[0m
2025.07.31 09:52:49 INFO  empty definition using pc, found symbol in pc:  (full report at: "/home/qiu/chisel/mychisel/.metals/.reports/metals-full/2025-07-31/r_empty-definition_(mychisel-build)_09-52-38-471.md")[0m
2025.07.31 09:52:49 INFO  empty definition using pc, found symbol in pc:  (full report at: "/home/qiu/chisel/mychisel/.metals/.reports/metals-full/2025-07-31/r_empty-definition_(mychisel-build)_09-52-38-471.md")[0m
2025.07.31 09:52:49 INFO  empty definition using pc, found symbol in pc:  (full report at: "/home/qiu/chisel/mychisel/.metals/.reports/metals-full/2025-07-31/r_empty-definition_(mychisel-build)_09-52-38-471.md")[0m
2025.07.31 09:52:49 INFO  empty definition using pc, found symbol in pc:  (full report at: "/home/qiu/chisel/mychisel/.metals/.reports/metals-full/2025-07-31/r_empty-definition_(mychisel-build)_09-52-38-471.md")[0m
2025.07.31 09:52:49 INFO  empty definition using pc, found symbol in pc:  (full report at: "/home/qiu/chisel/mychisel/.metals/.reports/metals-full/2025-07-31/r_empty-definition_(mychisel-build)_09-52-38-471.md")[0m
2025.07.31 09:52:49 INFO  empty definition using pc, found symbol in pc:  (full report at: "/home/qiu/chisel/mychisel/.metals/.reports/metals-full/2025-07-31/r_empty-definition_(mychisel-build)_09-52-38-471.md")[0m
2025.07.31 09:52:49 INFO  empty definition using pc, found symbol in pc:  (full report at: "/home/qiu/chisel/mychisel/.metals/.reports/metals-full/2025-07-31/r_empty-definition_(mychisel-build)_09-52-38-471.md")[0m
2025.07.31 09:52:49 INFO  empty definition using pc, found symbol in pc:  (full report at: "/home/qiu/chisel/mychisel/.metals/.reports/metals-full/2025-07-31/r_empty-definition_(mychisel-build)_09-52-38-471.md")[0m
2025.07.31 09:52:49 INFO  empty definition using pc, found symbol in pc:  (full report at: "/home/qiu/chisel/mychisel/.metals/.reports/metals-full/2025-07-31/r_empty-definition_(mychisel-build)_09-52-38-471.md")[0m
2025.07.31 09:52:50 INFO  empty definition using pc, found symbol in pc:  (full report at: "/home/qiu/chisel/mychisel/.metals/.reports/metals-full/2025-07-31/r_empty-definition_(mychisel-build)_09-52-38-471.md")[0m
2025.07.31 09:52:50 INFO  empty definition using pc, found symbol in pc:  (full report at: "/home/qiu/chisel/mychisel/.metals/.reports/metals-full/2025-07-31/r_empty-definition_(mychisel-build)_09-52-38-471.md")[0m
2025.07.31 09:52:50 INFO  empty definition using pc, found symbol in pc:  (full report at: "/home/qiu/chisel/mychisel/.metals/.reports/metals-full/2025-07-31/r_empty-definition_(mychisel-build)_09-52-38-471.md")[0m
2025.07.31 09:52:49 INFO  empty definition using pc, found symbol in pc:  (full report at: "/home/qiu/chisel/mychisel/.metals/.reports/metals-full/2025-07-31/r_empty-definition_(mychisel-build)_09-52-38-471.md")[0m
2025.07.31 09:52:49 INFO  empty definition using pc, found symbol in pc:  (full report at: "/home/qiu/chisel/mychisel/.metals/.reports/metals-full/2025-07-31/r_empty-definition_(mychisel-build)_09-52-38-471.md")[0m
2025.07.31 09:52:50 INFO  empty definition using pc, found symbol in pc:  (full report at: "/home/qiu/chisel/mychisel/.metals/.reports/metals-full/2025-07-31/r_empty-definition_(mychisel-build)_09-52-38-471.md")[0m
2025.07.31 09:52:50 INFO  empty definition using pc, found symbol in pc:  (full report at: "/home/qiu/chisel/mychisel/.metals/.reports/metals-full/2025-07-31/r_empty-definition_(mychisel-build)_09-52-38-471.md")[0m
2025.07.31 09:52:49 INFO  empty definition using pc, found symbol in pc:  (full report at: "/home/qiu/chisel/mychisel/.metals/.reports/metals-full/2025-07-31/r_empty-definition_(mychisel-build)_09-52-38-471.md")[0m
2025.07.31 09:52:50 INFO  empty definition using pc, found symbol in pc:  (full report at: "/home/qiu/chisel/mychisel/.metals/.reports/metals-full/2025-07-31/r_empty-definition_(mychisel-build)_09-52-38-471.md")[0m
2025.07.31 09:52:50 INFO  empty definition using pc, found symbol in pc:  (full report at: "/home/qiu/chisel/mychisel/.metals/.reports/metals-full/2025-07-31/r_empty-definition_(mychisel-build)_09-52-38-471.md")[0m
2025.07.31 09:52:50 INFO  empty definition using pc, found symbol in pc:  (full report at: "/home/qiu/chisel/mychisel/.metals/.reports/metals-full/2025-07-31/r_empty-definition_(mychisel-build)_09-52-38-471.md")[0m
2025.07.31 09:54:23 INFO  skipping build import with status 'Installed'[0m
2025.07.31 09:54:24 INFO  empty definition using pc, found symbol in pc:  (full report at: "/home/qiu/chisel/mychisel/.metals/.reports/metals-full/2025-07-31/r_empty-definition_(mychisel-build)_09-52-38-471.md")[0m
2025.07.31 09:54:24 INFO  empty definition using pc, found symbol in pc:  (full report at: "/home/qiu/chisel/mychisel/.metals/.reports/metals-full/2025-07-31/r_empty-definition_(mychisel-build)_09-52-38-471.md")[0m
2025.07.31 09:54:24 INFO  empty definition using pc, found symbol in pc:  (full report at: "/home/qiu/chisel/mychisel/.metals/.reports/metals-full/2025-07-31/r_empty-definition_(mychisel-build)_09-52-38-471.md")[0m
2025.07.31 09:54:24 INFO  empty definition using pc, found symbol in pc:  (full report at: "/home/qiu/chisel/mychisel/.metals/.reports/metals-full/2025-07-31/r_empty-definition_(mychisel-build)_09-52-38-471.md")[0m
2025.07.31 09:54:24 INFO  empty definition using pc, found symbol in pc:  (full report at: "/home/qiu/chisel/mychisel/.metals/.reports/metals-full/2025-07-31/r_empty-definition_(mychisel-build)_09-52-38-471.md")[0m
2025.07.31 09:54:27 INFO  empty definition using pc, found symbol in pc:  (full report at: "/home/qiu/chisel/mychisel/.metals/.reports/metals-full/2025-07-31/r_empty-definition_(mychisel-build)_09-52-38-471.md")[0m
2025.07.31 09:54:27 INFO  empty definition using pc, found symbol in pc:  (full report at: "/home/qiu/chisel/mychisel/.metals/.reports/metals-full/2025-07-31/r_empty-definition_(mychisel-build)_09-52-38-471.md")[0m
2025.07.31 09:54:27 INFO  empty definition using pc, found symbol in pc:  (full report at: "/home/qiu/chisel/mychisel/.metals/.reports/metals-full/2025-07-31/r_empty-definition_(mychisel-build)_09-52-38-471.md")[0m
2025.07.31 09:54:27 INFO  empty definition using pc, found symbol in pc:  (full report at: "/home/qiu/chisel/mychisel/.metals/.reports/metals-full/2025-07-31/r_empty-definition_(mychisel-build)_09-52-38-471.md")[0m
2025.07.31 09:54:27 INFO  empty definition using pc, found symbol in pc:  (full report at: "/home/qiu/chisel/mychisel/.metals/.reports/metals-full/2025-07-31/r_empty-definition_(mychisel-build)_09-52-38-471.md")[0m
2025.07.31 09:54:30 INFO  empty definition using pc, found symbol in pc:  (full report at: "/home/qiu/chisel/mychisel/.metals/.reports/metals-full/2025-07-31/r_empty-definition_(mychisel-build)_09-52-38-471.md")[0m
2025.07.31 09:54:30 INFO  empty definition using pc, found symbol in pc:  (full report at: "/home/qiu/chisel/mychisel/.metals/.reports/metals-full/2025-07-31/r_empty-definition_(mychisel-build)_09-52-38-471.md")[0m
2025.07.31 09:54:30 INFO  empty definition using pc, found symbol in pc:  (full report at: "/home/qiu/chisel/mychisel/.metals/.reports/metals-full/2025-07-31/r_empty-definition_(mychisel-build)_09-52-38-471.md")[0m
2025.07.31 09:54:30 INFO  empty definition using pc, found symbol in pc:  (full report at: "/home/qiu/chisel/mychisel/.metals/.reports/metals-full/2025-07-31/r_empty-definition_(mychisel-build)_09-52-38-471.md")[0m
2025.07.31 09:54:30 INFO  empty definition using pc, found symbol in pc:  (full report at: "/home/qiu/chisel/mychisel/.metals/.reports/metals-full/2025-07-31/r_empty-definition_(mychisel-build)_09-52-38-471.md")[0m
2025.07.31 09:54:32 INFO  running '/usr/bin/sbt -Dbloop.export-jar-classifiers=sources bloopInstall'[0m
2025.07.31 09:54:34 INFO  [info] welcome to sbt 1.9.7 (Eclipse Adoptium Java 17.0.15)[0m
2025.07.31 09:54:36 INFO  [info] loading settings for project mychisel-build-build-build from metals.sbt ...[0m
2025.07.31 09:54:39 INFO  [info] loading project definition from /home/qiu/chisel/mychisel/project/project/project[0m
2025.07.31 09:54:42 INFO  [info] loading settings for project mychisel-build-build from metals.sbt ...[0m
2025.07.31 09:54:42 INFO  [info] loading project definition from /home/qiu/chisel/mychisel/project/project[0m
2025.07.31 09:54:53 INFO  [success] Generated .bloop/mychisel-build-build.json[0m
2025.07.31 09:54:53 INFO  [success] Total time: 10 s, completed 31 Jul 2025, 09:54:53[0m
2025.07.31 09:54:54 INFO  [info] loading settings for project mychisel-build from metals.sbt,plugins.sbt ...[0m
2025.07.31 09:54:54 INFO  [info] loading project definition from /home/qiu/chisel/mychisel/project[0m
2025.07.31 09:54:58 INFO  [success] Total time: 3 s, completed 31 Jul 2025, 09:54:58[0m
2025.07.31 09:55:04 INFO  [info] loading settings for project root from build.sbt ...[0m
2025.07.31 09:55:04 INFO  [info] set current project to mychisel (in build file:/home/qiu/chisel/mychisel/)[0m
2025.07.31 09:55:18 INFO  [success] Generated .bloop/root.json[0m
2025.07.31 09:55:18 INFO  [success] Generated .bloop/root-test.json[0m
2025.07.31 09:55:18 INFO  [success] Total time: 14 s, completed 31 Jul 2025, 09:55:18[0m
2025.07.31 09:55:19 INFO  time: ran 'sbt bloopInstall' in 46s[0m
2025.07.31 09:55:19 INFO  Disconnecting from Bloop session...[0m
2025.07.31 09:55:19 INFO  Shut down connection with build server.[0m
2025.07.31 09:55:19 INFO  Shut down connection with build server.[0m
2025.07.31 09:55:19 INFO  Shut down connection with build server.[0m
2025.07.31 09:55:19 INFO  Attempting to connect to the build server...[0m
2025.07.31 09:55:19 INFO  Found a Bloop server running[0m
2025.07.31 09:55:19 INFO  tracing is disabled for protocol BSP, to enable tracing of incoming and outgoing JSON messages create an empty file at /home/qiu/chisel/mychisel/.metals/bsp.trace.json or /home/qiu/.cache/metals/bsp.trace.json[0m
2025.07.31 09:55:19 INFO  Attempting to connect to the build server...[0m
2025.07.31 09:55:19 INFO  Found a Bloop server running[0m
2025.07.31 09:55:19 INFO  Attempting to connect to the build server...[0m
2025.07.31 09:55:19 INFO  Found a Bloop server running[0m
2025.07.31 09:55:19 INFO  tracing is disabled for protocol BSP, to enable tracing of incoming and outgoing JSON messages create an empty file at /home/qiu/chisel/mychisel/project/project/.metals/bsp.trace.json or /home/qiu/.cache/metals/bsp.trace.json[0m
2025.07.31 09:55:19 INFO  tracing is disabled for protocol BSP, to enable tracing of incoming and outgoing JSON messages create an empty file at /home/qiu/chisel/mychisel/project/.metals/bsp.trace.json or /home/qiu/.cache/metals/bsp.trace.json[0m
2025.07.31 09:55:19 INFO  time: Connected to build server in 0.54s[0m
2025.07.31 09:55:19 INFO  Connected to Build server: Bloop v2.0.10[0m
2025.07.31 09:55:19 INFO  time: Imported build in 0.27s[0m
2025.07.31 09:55:35 INFO  time: indexed workspace in 15s[0m
2025.07.31 09:55:37 INFO  compiling root-test (1 scala source)[0m
2025.07.31 09:55:46 INFO  time: compiled root-test in 9.58s[0m
2025.07.31 09:55:46 INFO  skipping build import with status 'Installed'[0m
Jul 31, 2025 10:34:08 AM org.eclipse.lsp4j.jsonrpc.services.GenericEndpoint notify
INFO: Unsupported notification method: $/setTrace
2025.07.31 10:43:19 INFO  Shutting down server[0m
2025.07.31 10:43:19 INFO  shutting down Metals[0m
2025.07.31 10:43:19 INFO  Shut down connection with build server.[0m
2025.07.31 10:43:19 INFO  Shut down connection with build server.[0m
2025.07.31 10:43:19 INFO  Shut down connection with build server.[0m
2025.07.31 10:43:19 INFO  Exiting server[0m
2025.08.01 09:06:35 INFO  Started: Metals version 1.6.0 in folders '/home/qiu/chisel/mychisel' for client Visual Studio Code 1.96.2.[0m
2025.08.01 09:06:35 INFO  no build target found for /home/qiu/chisel/mychisel/build.sbt. Using presentation compiler with project's scala-library version: 3.3.6[0m
2025.08.01 09:06:36 INFO  no build target found for /home/qiu/chisel/mychisel/build.sbt. Using presentation compiler with project's scala-library version: 3.3.6[0m
2025.08.01 09:06:36 INFO  no build target found for /home/qiu/chisel/mychisel/build.sbt. Using presentation compiler with project's scala-library version: 3.3.6[0m
2025.08.01 09:06:36 INFO  Attempting to connect to the build server...[0m
2025.08.01 09:06:36 INFO  Found a Bloop server running[0m
2025.08.01 09:06:37 INFO  tracing is disabled for protocol BSP, to enable tracing of incoming and outgoing JSON messages create an empty file at /home/qiu/chisel/mychisel/.metals/bsp.trace.json or /home/qiu/.cache/metals/bsp.trace.json[0m
2025.08.01 09:06:36 INFO  Attempting to connect to the build server...[0m
2025.08.01 09:06:36 INFO  Found a Bloop server running[0m
2025.08.01 09:06:36 INFO  Attempting to connect to the build server...[0m
2025.08.01 09:06:36 INFO  Found a Bloop server running[0m
2025.08.01 09:06:37 INFO  tracing is disabled for protocol BSP, to enable tracing of incoming and outgoing JSON messages create an empty file at /home/qiu/chisel/mychisel/project/project/.metals/bsp.trace.json or /home/qiu/.cache/metals/bsp.trace.json[0m
2025.08.01 09:06:37 INFO  tracing is disabled for protocol BSP, to enable tracing of incoming and outgoing JSON messages create an empty file at /home/qiu/chisel/mychisel/project/.metals/bsp.trace.json or /home/qiu/.cache/metals/bsp.trace.json[0m
2025.08.01 09:06:37 INFO  time: Connected to build server in 0.6s[0m
2025.08.01 09:06:37 INFO  Connected to Build server: Bloop v2.0.10[0m
2025.08.01 09:06:36 INFO  no build target found for /home/qiu/chisel/mychisel/build.sbt. Using presentation compiler with project's scala-library version: 3.3.6[0m
2025.08.01 09:06:37 INFO  time: Imported build in 0.14s[0m
2025.08.01 09:06:36 INFO  no build target found for /home/qiu/chisel/mychisel/build.sbt. Using presentation compiler with project's scala-library version: 3.3.6[0m
2025.08.01 09:06:36 INFO  no build target found for /home/qiu/chisel/mychisel/build.sbt. Using presentation compiler with project's scala-library version: 3.3.6[0m
2025.08.01 09:06:41 INFO  time: indexed workspace in 3.79s[0m
2025.08.01 09:06:42 INFO  empty definition using pc, found symbol in pc:  (full report at: "/home/qiu/chisel/mychisel/.metals/.reports/metals-full/2025-07-31/r_empty-definition_(mychisel-build)_09-52-38-471.md")[0m
2025.08.01 09:06:48 INFO  empty definition using pc, found symbol in pc:  (full report at: "/home/qiu/chisel/mychisel/.metals/.reports/metals-full/2025-07-31/r_empty-definition_(mychisel-build)_09-52-38-471.md")[0m
2025.08.01 09:06:48 INFO  empty definition using pc, found symbol in pc:  (full report at: "/home/qiu/chisel/mychisel/.metals/.reports/metals-full/2025-07-31/r_empty-definition_(mychisel-build)_09-52-38-471.md")[0m
2025.08.01 09:06:48 INFO  empty definition using pc, found symbol in pc:  (full report at: "/home/qiu/chisel/mychisel/.metals/.reports/metals-full/2025-07-31/r_empty-definition_(mychisel-build)_09-52-38-471.md")[0m
2025.08.01 09:06:48 INFO  empty definition using pc, found symbol in pc:  (full report at: "/home/qiu/chisel/mychisel/.metals/.reports/metals-full/2025-07-31/r_empty-definition_(mychisel-build)_09-52-38-471.md")[0m
2025.08.01 09:06:48 INFO  running '/usr/bin/sbt -Dbloop.export-jar-classifiers=sources bloopInstall'[0m
2025.08.01 09:06:49 INFO  empty definition using pc, found symbol in pc:  (full report at: "/home/qiu/chisel/mychisel/.metals/.reports/metals-full/2025-07-31/r_empty-definition_(mychisel-build)_09-52-38-471.md")[0m
2025.08.01 09:06:49 INFO  empty definition using pc, found symbol in pc:  (full report at: "/home/qiu/chisel/mychisel/.metals/.reports/metals-full/2025-07-31/r_empty-definition_(mychisel-build)_09-52-38-471.md")[0m
2025.08.01 09:06:50 INFO  empty definition using pc, found symbol in pc:  (full report at: "/home/qiu/chisel/mychisel/.metals/.reports/metals-full/2025-07-31/r_empty-definition_(mychisel-build)_09-52-38-471.md")[0m
2025.08.01 09:06:49 INFO  empty definition using pc, found symbol in pc:  (full report at: "/home/qiu/chisel/mychisel/.metals/.reports/metals-full/2025-07-31/r_empty-definition_(mychisel-build)_09-52-38-471.md")[0m
2025.08.01 09:06:50 INFO  empty definition using pc, found symbol in pc:  (full report at: "/home/qiu/chisel/mychisel/.metals/.reports/metals-full/2025-07-31/r_empty-definition_(mychisel-build)_09-52-38-471.md")[0m
2025.08.01 09:06:50 INFO  empty definition using pc, found symbol in pc:  (full report at: "/home/qiu/chisel/mychisel/.metals/.reports/metals-full/2025-07-31/r_empty-definition_(mychisel-build)_09-52-38-471.md")[0m
2025.08.01 09:06:50 INFO  empty definition using pc, found symbol in pc:  (full report at: "/home/qiu/chisel/mychisel/.metals/.reports/metals-full/2025-07-31/r_empty-definition_(mychisel-build)_09-52-38-471.md")[0m
2025.08.01 09:06:50 INFO  empty definition using pc, found symbol in pc:  (full report at: "/home/qiu/chisel/mychisel/.metals/.reports/metals-full/2025-07-31/r_empty-definition_(mychisel-build)_09-52-38-471.md")[0m
2025.08.01 09:06:50 INFO  empty definition using pc, found symbol in pc:  (full report at: "/home/qiu/chisel/mychisel/.metals/.reports/metals-full/2025-07-31/r_empty-definition_(mychisel-build)_09-52-38-471.md")[0m
2025.08.01 09:06:49 INFO  empty definition using pc, found symbol in pc:  (full report at: "/home/qiu/chisel/mychisel/.metals/.reports/metals-full/2025-07-31/r_empty-definition_(mychisel-build)_09-52-38-471.md")[0m
2025.08.01 09:06:50 INFO  empty definition using pc, found symbol in pc:  (full report at: "/home/qiu/chisel/mychisel/.metals/.reports/metals-full/2025-07-31/r_empty-definition_(mychisel-build)_09-52-38-471.md")[0m
2025.08.01 09:06:50 INFO  empty definition using pc, found symbol in pc:  (full report at: "/home/qiu/chisel/mychisel/.metals/.reports/metals-full/2025-07-31/r_empty-definition_(mychisel-build)_09-52-38-471.md")[0m
2025.08.01 09:06:49 INFO  empty definition using pc, found symbol in pc:  (full report at: "/home/qiu/chisel/mychisel/.metals/.reports/metals-full/2025-07-31/r_empty-definition_(mychisel-build)_09-52-38-471.md")[0m
2025.08.01 09:06:49 INFO  empty definition using pc, found symbol in pc:  (full report at: "/home/qiu/chisel/mychisel/.metals/.reports/metals-full/2025-07-31/r_empty-definition_(mychisel-build)_09-52-38-471.md")[0m
2025.08.01 09:06:49 INFO  empty definition using pc, found symbol in pc:  (full report at: "/home/qiu/chisel/mychisel/.metals/.reports/metals-full/2025-07-31/r_empty-definition_(mychisel-build)_09-52-38-471.md")[0m
2025.08.01 09:06:49 INFO  empty definition using pc, found symbol in pc:  (full report at: "/home/qiu/chisel/mychisel/.metals/.reports/metals-full/2025-07-31/r_empty-definition_(mychisel-build)_09-52-38-471.md")[0m
2025.08.01 09:06:50 INFO  empty definition using pc, found symbol in pc:  (full report at: "/home/qiu/chisel/mychisel/.metals/.reports/metals-full/2025-07-31/r_empty-definition_(mychisel-build)_09-52-38-471.md")[0m
2025.08.01 09:06:50 INFO  empty definition using pc, found symbol in pc:  (full report at: "/home/qiu/chisel/mychisel/.metals/.reports/metals-full/2025-07-31/r_empty-definition_(mychisel-build)_09-52-38-471.md")[0m
2025.08.01 09:06:50 INFO  empty definition using pc, found symbol in pc:  (full report at: "/home/qiu/chisel/mychisel/.metals/.reports/metals-full/2025-07-31/r_empty-definition_(mychisel-build)_09-52-38-471.md")[0m
2025.08.01 09:06:49 INFO  empty definition using pc, found symbol in pc:  (full report at: "/home/qiu/chisel/mychisel/.metals/.reports/metals-full/2025-07-31/r_empty-definition_(mychisel-build)_09-52-38-471.md")[0m
2025.08.01 09:06:50 INFO  empty definition using pc, found symbol in pc:  (full report at: "/home/qiu/chisel/mychisel/.metals/.reports/metals-full/2025-07-31/r_empty-definition_(mychisel-build)_09-52-38-471.md")[0m
2025.08.01 09:06:50 INFO  empty definition using pc, found symbol in pc:  (full report at: "/home/qiu/chisel/mychisel/.metals/.reports/metals-full/2025-07-31/r_empty-definition_(mychisel-build)_09-52-38-471.md")[0m
2025.08.01 09:06:50 INFO  empty definition using pc, found symbol in pc:  (full report at: "/home/qiu/chisel/mychisel/.metals/.reports/metals-full/2025-07-31/r_empty-definition_(mychisel-build)_09-52-38-471.md")[0m
2025.08.01 09:06:50 INFO  empty definition using pc, found symbol in pc:  (full report at: "/home/qiu/chisel/mychisel/.metals/.reports/metals-full/2025-07-31/r_empty-definition_(mychisel-build)_09-52-38-471.md")[0m
2025.08.01 09:06:50 INFO  empty definition using pc, found symbol in pc:  (full report at: "/home/qiu/chisel/mychisel/.metals/.reports/metals-full/2025-07-31/r_empty-definition_(mychisel-build)_09-52-38-471.md")[0m
2025.08.01 09:06:50 INFO  empty definition using pc, found symbol in pc:  (full report at: "/home/qiu/chisel/mychisel/.metals/.reports/metals-full/2025-07-31/r_empty-definition_(mychisel-build)_09-52-38-471.md")[0m
2025.08.01 09:06:50 INFO  empty definition using pc, found symbol in pc:  (full report at: "/home/qiu/chisel/mychisel/.metals/.reports/metals-full/2025-07-31/r_empty-definition_(mychisel-build)_09-52-38-471.md")[0m
2025.08.01 09:06:50 INFO  empty definition using pc, found symbol in pc:  (full report at: "/home/qiu/chisel/mychisel/.metals/.reports/metals-full/2025-07-31/r_empty-definition_(mychisel-build)_09-52-38-471.md")[0m
2025.08.01 09:06:50 INFO  empty definition using pc, found symbol in pc:  (full report at: "/home/qiu/chisel/mychisel/.metals/.reports/metals-full/2025-07-31/r_empty-definition_(mychisel-build)_09-52-38-471.md")[0m
2025.08.01 09:06:50 INFO  empty definition using pc, found symbol in pc:  (full report at: "/home/qiu/chisel/mychisel/.metals/.reports/metals-full/2025-07-31/r_empty-definition_(mychisel-build)_09-52-38-471.md")[0m
2025.08.01 09:06:50 INFO  [info] welcome to sbt 1.9.7 (Eclipse Adoptium Java 17.0.15)[0m
2025.08.01 09:06:50 INFO  empty definition using pc, found symbol in pc:  (full report at: "/home/qiu/chisel/mychisel/.metals/.reports/metals-full/2025-07-31/r_empty-definition_(mychisel-build)_09-52-38-471.md")[0m
2025.08.01 09:06:50 INFO  empty definition using pc, found symbol in pc:  (full report at: "/home/qiu/chisel/mychisel/.metals/.reports/metals-full/2025-07-31/r_empty-definition_(mychisel-build)_09-52-38-471.md")[0m
2025.08.01 09:06:50 INFO  [info] loading settings for project mychisel-build-build-build from metals.sbt ...[0m
2025.08.01 09:06:52 INFO  [info] loading project definition from /home/qiu/chisel/mychisel/project/project/project[0m
2025.08.01 09:06:52 INFO  [info] loading settings for project mychisel-build-build from metals.sbt ...[0m
2025.08.01 09:06:52 INFO  [info] loading project definition from /home/qiu/chisel/mychisel/project/project[0m
2025.08.01 09:06:54 INFO  [success] Generated .bloop/mychisel-build-build.json[0m
2025.08.01 09:06:54 INFO  [success] Total time: 2 s, completed 1 Aug 2025, 09:06:54[0m
2025.08.01 09:06:54 INFO  [info] loading settings for project mychisel-build from metals.sbt,plugins.sbt ...[0m
2025.08.01 09:06:54 INFO  [info] loading project definition from /home/qiu/chisel/mychisel/project[0m
2025.08.01 09:06:55 INFO  [success] Total time: 1 s, completed 1 Aug 2025, 09:06:55[0m
2025.08.01 09:06:55 INFO  [info] loading settings for project root from build.sbt ...[0m
2025.08.01 09:06:55 INFO  [info] set current project to mychisel (in build file:/home/qiu/chisel/mychisel/)[0m
2025.08.01 09:06:55 INFO  [success] Generated .bloop/root.json[0m
2025.08.01 09:06:55 INFO  [success] Generated .bloop/root-test.json[0m
2025.08.01 09:06:55 INFO  [success] Total time: 0 s, completed 1 Aug 2025, 09:06:56[0m
2025.08.01 09:06:56 INFO  time: ran 'sbt bloopInstall' in 7.98s[0m
2025.08.01 09:06:56 INFO  running '/usr/bin/sbt -Dbloop.export-jar-classifiers=sources bloopInstall'[0m
2025.08.01 09:06:58 INFO  [info] welcome to sbt 1.9.7 (Eclipse Adoptium Java 17.0.15)[0m
2025.08.01 09:06:58 INFO  [info] loading settings for project mychisel-build-build-build from metals.sbt ...[0m
2025.08.01 09:06:59 INFO  [info] loading project definition from /home/qiu/chisel/mychisel/project/project/project[0m
2025.08.01 09:06:59 INFO  [info] loading settings for project mychisel-build-build from metals.sbt ...[0m
2025.08.01 09:06:59 INFO  [info] loading project definition from /home/qiu/chisel/mychisel/project/project[0m
2025.08.01 09:07:01 INFO  [success] Generated .bloop/mychisel-build-build.json[0m
2025.08.01 09:07:01 INFO  [success] Total time: 1 s, completed 1 Aug 2025, 09:07:01[0m
2025.08.01 09:07:01 INFO  [info] loading settings for project mychisel-build from metals.sbt,plugins.sbt ...[0m
2025.08.01 09:07:01 INFO  [info] loading project definition from /home/qiu/chisel/mychisel/project[0m
2025.08.01 09:07:01 INFO  [success] Total time: 1 s, completed 1 Aug 2025, 09:07:02[0m
2025.08.01 09:07:02 INFO  [info] loading settings for project root from build.sbt ...[0m
2025.08.01 09:07:02 INFO  [info] set current project to mychisel (in build file:/home/qiu/chisel/mychisel/)[0m
2025.08.01 09:07:02 INFO  [success] Generated .bloop/root.json[0m
2025.08.01 09:07:02 INFO  [success] Generated .bloop/root-test.json[0m
2025.08.01 09:07:02 INFO  [success] Total time: 0 s, completed 1 Aug 2025, 09:07:03[0m
2025.08.01 09:07:03 INFO  time: ran 'sbt bloopInstall' in 6.61s[0m
2025.08.01 09:07:03 INFO  Disconnecting from Bloop session...[0m
2025.08.01 09:07:03 INFO  Shut down connection with build server.[0m
2025.08.01 09:07:03 INFO  Shut down connection with build server.[0m
2025.08.01 09:07:03 INFO  Shut down connection with build server.[0m
2025.08.01 09:07:03 INFO  Attempting to connect to the build server...[0m
2025.08.01 09:07:03 INFO  Found a Bloop server running[0m
2025.08.01 09:07:03 INFO  tracing is disabled for protocol BSP, to enable tracing of incoming and outgoing JSON messages create an empty file at /home/qiu/chisel/mychisel/.metals/bsp.trace.json or /home/qiu/.cache/metals/bsp.trace.json[0m
2025.08.01 09:07:03 INFO  Attempting to connect to the build server...[0m
2025.08.01 09:07:03 INFO  Found a Bloop server running[0m
2025.08.01 09:07:03 INFO  Attempting to connect to the build server...[0m
2025.08.01 09:07:03 INFO  Found a Bloop server running[0m
2025.08.01 09:07:03 INFO  tracing is disabled for protocol BSP, to enable tracing of incoming and outgoing JSON messages create an empty file at /home/qiu/chisel/mychisel/project/project/.metals/bsp.trace.json or /home/qiu/.cache/metals/bsp.trace.json[0m
2025.08.01 09:07:03 INFO  tracing is disabled for protocol BSP, to enable tracing of incoming and outgoing JSON messages create an empty file at /home/qiu/chisel/mychisel/project/.metals/bsp.trace.json or /home/qiu/.cache/metals/bsp.trace.json[0m
2025.08.01 09:07:03 INFO  time: Connected to build server in 0.24s[0m
2025.08.01 09:07:03 INFO  Connected to Build server: Bloop v2.0.10[0m
2025.08.01 09:07:05 INFO  time: indexed workspace in 1.29s[0m
2025.08.01 09:08:01 INFO  running '/usr/bin/sbt -Dbloop.export-jar-classifiers=sources bloopInstall'[0m
2025.08.01 09:08:02 INFO  [info] welcome to sbt 1.9.7 (Eclipse Adoptium Java 17.0.15)[0m
2025.08.01 09:08:02 INFO  [info] loading settings for project mychisel-build-build-build from metals.sbt ...[0m
2025.08.01 09:08:03 INFO  [info] loading project definition from /home/qiu/chisel/mychisel/project/project/project[0m
2025.08.01 09:08:03 INFO  [info] loading settings for project mychisel-build-build from metals.sbt ...[0m
2025.08.01 09:08:03 INFO  [info] loading project definition from /home/qiu/chisel/mychisel/project/project[0m
2025.08.01 09:08:05 INFO  [success] Generated .bloop/mychisel-build-build.json[0m
2025.08.01 09:08:05 INFO  [success] Total time: 1 s, completed 1 Aug 2025, 09:08:05[0m
2025.08.01 09:08:05 INFO  [info] loading settings for project mychisel-build from metals.sbt,plugins.sbt ...[0m
2025.08.01 09:08:05 INFO  [info] loading project definition from /home/qiu/chisel/mychisel/project[0m
2025.08.01 09:08:05 INFO  [success] Total time: 1 s, completed 1 Aug 2025, 09:08:06[0m
2025.08.01 09:08:07 INFO  [info] loading settings for project root from build.sbt ...[0m
2025.08.01 09:08:07 INFO  [info] set current project to mychisel (in build file:/home/qiu/chisel/mychisel/)[0m
2025.08.01 09:08:13 INFO  [success] Generated .bloop/root-test.json[0m
2025.08.01 09:08:13 INFO  [success] Generated .bloop/root.json[0m
2025.08.01 09:08:13 INFO  [success] Total time: 6 s, completed 1 Aug 2025, 09:08:13[0m
2025.08.01 09:08:13 INFO  time: ran 'sbt bloopInstall' in 12s[0m
2025.08.01 09:08:13 INFO  Disconnecting from Bloop session...[0m
2025.08.01 09:08:13 INFO  Shut down connection with build server.[0m
2025.08.01 09:08:13 INFO  Shut down connection with build server.[0m
2025.08.01 09:08:13 INFO  Shut down connection with build server.[0m
2025.08.01 09:08:13 INFO  Attempting to connect to the build server...[0m
2025.08.01 09:08:13 INFO  Found a Bloop server running[0m
2025.08.01 09:08:13 INFO  tracing is disabled for protocol BSP, to enable tracing of incoming and outgoing JSON messages create an empty file at /home/qiu/chisel/mychisel/.metals/bsp.trace.json or /home/qiu/.cache/metals/bsp.trace.json[0m
2025.08.01 09:08:20 INFO  Attempting to connect to the build server...[0m
2025.08.01 09:08:20 INFO  Found a Bloop server running[0m
2025.08.01 09:08:20 INFO  Attempting to connect to the build server...[0m
2025.08.01 09:08:20 INFO  Found a Bloop server running[0m
2025.08.01 09:08:20 INFO  tracing is disabled for protocol BSP, to enable tracing of incoming and outgoing JSON messages create an empty file at /home/qiu/chisel/mychisel/project/project/.metals/bsp.trace.json or /home/qiu/.cache/metals/bsp.trace.json[0m
2025.08.01 09:08:20 INFO  tracing is disabled for protocol BSP, to enable tracing of incoming and outgoing JSON messages create an empty file at /home/qiu/chisel/mychisel/project/.metals/bsp.trace.json or /home/qiu/.cache/metals/bsp.trace.json[0m
2025.08.01 09:08:20 INFO  time: Connected to build server in 6.46s[0m
2025.08.01 09:08:20 INFO  Connected to Build server: Bloop v2.0.10[0m
2025.08.01 09:08:31 INFO  time: indexed workspace in 11s[0m
2025.08.01 09:30:28 INFO  compiling root (1 scala source)[0m
2025.08.01 09:30:30 INFO  time: compiled root in 1.96s[0m
2025.08.01 09:38:22 INFO  Created report: Optional[file:///home/qiu/chisel/mychisel/src/main/scala/top.scala][0m
2025.08.01 09:38:22 INFO  empty definition using pc, found symbol in pc:  (full report at: "/home/qiu/chisel/mychisel/.metals/.reports/metals-full/2025-08-01/r_empty-definition_(root)_09-38-22-769.md")[0m
2025.08.01 09:38:22 INFO  Created report: Optional[file:///home/qiu/chisel/mychisel/src/main/scala/top.scala][0m
2025.08.01 09:38:22 INFO  Created report: Optional[file:///home/qiu/chisel/mychisel/src/main/scala/top.scala][0m
2025.08.01 09:38:22 INFO  empty definition using pc, found symbol in pc:  (full report at: "/home/qiu/chisel/mychisel/.metals/.reports/metals-full/2025-08-01/r_empty-definition_(root)_09-38-22-813.md")[0m
2025.08.01 09:38:22 INFO  empty definition using pc, found symbol in pc:  (full report at: "/home/qiu/chisel/mychisel/.metals/.reports/metals-full/2025-08-01/r_empty-definition_(root)_09-38-22-813.md")[0m
2025.08.01 09:38:22 INFO  Created report: Optional[file:///home/qiu/chisel/mychisel/src/main/scala/top.scala][0m
2025.08.01 09:38:22 INFO  empty definition using pc, found symbol in pc:  (full report at: "/home/qiu/chisel/mychisel/.metals/.reports/metals-full/2025-08-01/r_empty-definition_(root)_09-38-22-814.md")[0m
2025.08.01 09:38:22 INFO  Created report: Optional[file:///home/qiu/chisel/mychisel/src/main/scala/top.scala][0m
2025.08.01 09:38:22 INFO  Created report: Optional[file:///home/qiu/chisel/mychisel/src/main/scala/top.scala][0m
2025.08.01 09:38:22 INFO  empty definition using pc, found symbol in pc:  (full report at: "/home/qiu/chisel/mychisel/.metals/.reports/metals-full/2025-08-01/r_empty-definition_(root)_09-38-22-817.md")[0m
2025.08.01 09:38:22 INFO  Created report: Optional[file:///home/qiu/chisel/mychisel/src/main/scala/top.scala][0m
2025.08.01 09:38:22 INFO  empty definition using pc, found symbol in pc:  (full report at: "/home/qiu/chisel/mychisel/.metals/.reports/metals-full/2025-08-01/r_empty-definition_(root)_09-38-22-817.md")[0m
2025.08.01 09:38:22 INFO  empty definition using pc, found symbol in pc:  (full report at: "/home/qiu/chisel/mychisel/.metals/.reports/metals-full/2025-08-01/r_empty-definition_(root)_09-38-22-820.md")[0m
2025.08.01 09:38:22 INFO  Created report: Optional[file:///home/qiu/chisel/mychisel/src/main/scala/top.scala][0m
2025.08.01 09:38:22 INFO  Created report: Optional[file:///home/qiu/chisel/mychisel/src/main/scala/top.scala][0m
2025.08.01 09:38:22 INFO  empty definition using pc, found symbol in pc:  (full report at: "/home/qiu/chisel/mychisel/.metals/.reports/metals-full/2025-08-01/r_empty-definition_(root)_09-38-22-821.md")[0m
2025.08.01 09:38:22 INFO  empty definition using pc, found symbol in pc:  (full report at: "/home/qiu/chisel/mychisel/.metals/.reports/metals-full/2025-08-01/r_empty-definition_(root)_09-38-22-820.md")[0m
2025.08.01 09:38:22 INFO  Created report: Optional[file:///home/qiu/chisel/mychisel/src/main/scala/top.scala][0m
2025.08.01 09:38:22 INFO  empty definition using pc, found symbol in pc:  (full report at: "/home/qiu/chisel/mychisel/.metals/.reports/metals-full/2025-08-01/r_empty-definition_(root)_09-38-22-824.md")[0m
2025.08.01 09:38:22 INFO  Created report: Optional[file:///home/qiu/chisel/mychisel/src/main/scala/top.scala][0m
2025.08.01 09:38:22 INFO  empty definition using pc, found symbol in pc:  (full report at: "/home/qiu/chisel/mychisel/.metals/.reports/metals-full/2025-08-01/r_empty-definition_(root)_09-38-22-824.md")[0m
2025.08.01 09:38:22 INFO  Created report: Optional[file:///home/qiu/chisel/mychisel/src/main/scala/top.scala][0m
2025.08.01 09:38:22 INFO  empty definition using pc, found symbol in pc:  (full report at: "/home/qiu/chisel/mychisel/.metals/.reports/metals-full/2025-08-01/r_empty-definition_(root)_09-38-23-287.md")[0m
2025.08.01 09:38:25 INFO  Created report: Optional[file:///home/qiu/chisel/mychisel/src/main/scala/top.scala][0m
2025.08.01 09:38:25 INFO  empty definition using pc, found symbol in pc:  (full report at: "/home/qiu/chisel/mychisel/.metals/.reports/metals-full/2025-08-01/r_empty-definition_(root)_09-38-25-826.md")[0m
2025.08.01 09:38:25 INFO  Created report: Optional.empty[0m
2025.08.01 09:38:25 INFO  scala.meta.internal.mtags.IndexingExceptions$InvalidSymbolException: . (full report at: "/home/qiu/chisel/mychisel/.metals/.reports/metals/2025-08-01/r_invalid-symbol_09-38-25-957.md")[0m
2025.08.01 09:38:25 ERROR searching for `.` failed
java.lang.RuntimeException: invalid symbol format
.
^
	at scala.sys.package$.error(package.scala:27)
	at scala.meta.internal.semanticdb.Scala$DescriptorParser.fail(Scala.scala:162)
	at scala.meta.internal.semanticdb.Scala$DescriptorParser.readChar(Scala.scala:174)
	at scala.meta.internal.semanticdb.Scala$DescriptorParser.parseValue(Scala.scala:190)
	at scala.meta.internal.semanticdb.Scala$DescriptorParser.parseDescriptor(Scala.scala:209)
	at scala.meta.internal.semanticdb.Scala$DescriptorParser.entryPoint(Scala.scala:230)
	at scala.meta.internal.semanticdb.Scala$DescriptorParser$.apply(Scala.scala:238)
	at scala.meta.internal.semanticdb.Scala$ScalaSymbolOps$.owner$extension(Scala.scala:78)
	at scala.meta.internal.mtags.Symbol.toplevel(Symbol.scala:50)
	at scala.meta.internal.mtags.SymbolIndexBucket.query0(SymbolIndexBucket.scala:212)
	at scala.meta.internal.mtags.SymbolIndexBucket.query(SymbolIndexBucket.scala:189)
	at scala.meta.internal.mtags.OnDemandSymbolIndex.$anonfun$findSymbolDefinition$1(OnDemandSymbolIndex.scala:142)
	at scala.collection.immutable.List.flatMap(List.scala:294)
	at scala.meta.internal.mtags.OnDemandSymbolIndex.findSymbolDefinition(OnDemandSymbolIndex.scala:142)
	at scala.meta.internal.mtags.OnDemandSymbolIndex.definition(OnDemandSymbolIndex.scala:48)
	at scala.meta.internal.metals.FallbackDefinitionProvider.findInIndex$1(FallbackDefinitionProvider.scala:131)
	at scala.meta.internal.metals.FallbackDefinitionProvider.$anonfun$search$15(FallbackDefinitionProvider.scala:140)
	at scala.collection.immutable.List.flatMap(List.scala:294)
	at scala.meta.internal.metals.FallbackDefinitionProvider.$anonfun$search$3(FallbackDefinitionProvider.scala:140)
	at scala.Option.map(Option.scala:242)
	at scala.meta.internal.metals.FallbackDefinitionProvider.$anonfun$search$2(FallbackDefinitionProvider.scala:47)
	at scala.Option.flatMap(Option.scala:283)
	at scala.meta.internal.metals.FallbackDefinitionProvider.$anonfun$search$1(FallbackDefinitionProvider.scala:44)
	at scala.Option.flatMap(Option.scala:283)
	at scala.meta.internal.metals.FallbackDefinitionProvider.search(FallbackDefinitionProvider.scala:43)
	at scala.meta.internal.metals.DefinitionProvider.fromFallback$1(DefinitionProvider.scala:126)
	at scala.meta.internal.metals.DefinitionProvider.$anonfun$definition$13(DefinitionProvider.scala:143)
	at scala.meta.internal.metals.DefinitionProvider.$anonfun$definition$15(DefinitionProvider.scala:150)
	at scala.concurrent.impl.Promise$Transformation.run(Promise.scala:470)
	at java.util.concurrent.ThreadPoolExecutor.runWorker(ThreadPoolExecutor.java:1136)
	at java.util.concurrent.ThreadPoolExecutor$Worker.run(ThreadPoolExecutor.java:635)
	at java.lang.Thread.run(Thread.java:840)
[0m
2025.08.01 09:38:25 INFO  Created report: Optional.empty[0m
2025.08.01 09:38:25 INFO  scala.meta.internal.mtags.IndexingExceptions$InvalidSymbolException: # (full report at: "/home/qiu/chisel/mychisel/.metals/.reports/metals/2025-08-01/r_invalid-symbol_09-38-25-974.md")[0m
2025.08.01 09:38:25 ERROR searching for `#` failed
java.lang.RuntimeException: invalid symbol format
#
^
	at scala.sys.package$.error(package.scala:27)
	at scala.meta.internal.semanticdb.Scala$DescriptorParser.fail(Scala.scala:162)
	at scala.meta.internal.semanticdb.Scala$DescriptorParser.readChar(Scala.scala:174)
	at scala.meta.internal.semanticdb.Scala$DescriptorParser.parseValue(Scala.scala:190)
	at scala.meta.internal.semanticdb.Scala$DescriptorParser.parseDescriptor(Scala.scala:212)
	at scala.meta.internal.semanticdb.Scala$DescriptorParser.entryPoint(Scala.scala:230)
	at scala.meta.internal.semanticdb.Scala$DescriptorParser$.apply(Scala.scala:238)
	at scala.meta.internal.semanticdb.Scala$ScalaSymbolOps$.owner$extension(Scala.scala:78)
	at scala.meta.internal.mtags.Symbol.toplevel(Symbol.scala:50)
	at scala.meta.internal.mtags.SymbolIndexBucket.query0(SymbolIndexBucket.scala:212)
	at scala.meta.internal.mtags.SymbolIndexBucket.query(SymbolIndexBucket.scala:189)
	at scala.meta.internal.mtags.OnDemandSymbolIndex.$anonfun$findSymbolDefinition$1(OnDemandSymbolIndex.scala:142)
	at scala.collection.immutable.List.flatMap(List.scala:294)
	at scala.meta.internal.mtags.OnDemandSymbolIndex.findSymbolDefinition(OnDemandSymbolIndex.scala:142)
	at scala.meta.internal.mtags.OnDemandSymbolIndex.definition(OnDemandSymbolIndex.scala:48)
	at scala.meta.internal.metals.FallbackDefinitionProvider.findInIndex$1(FallbackDefinitionProvider.scala:131)
	at scala.meta.internal.metals.FallbackDefinitionProvider.$anonfun$search$15(FallbackDefinitionProvider.scala:140)
	at scala.collection.immutable.List.flatMap(List.scala:294)
	at scala.meta.internal.metals.FallbackDefinitionProvider.$anonfun$search$3(FallbackDefinitionProvider.scala:140)
	at scala.Option.map(Option.scala:242)
	at scala.meta.internal.metals.FallbackDefinitionProvider.$anonfun$search$2(FallbackDefinitionProvider.scala:47)
	at scala.Option.flatMap(Option.scala:283)
	at scala.meta.internal.metals.FallbackDefinitionProvider.$anonfun$search$1(FallbackDefinitionProvider.scala:44)
	at scala.Option.flatMap(Option.scala:283)
	at scala.meta.internal.metals.FallbackDefinitionProvider.search(FallbackDefinitionProvider.scala:43)
	at scala.meta.internal.metals.DefinitionProvider.fromFallback$1(DefinitionProvider.scala:126)
	at scala.meta.internal.metals.DefinitionProvider.$anonfun$definition$13(DefinitionProvider.scala:143)
	at scala.meta.internal.metals.DefinitionProvider.$anonfun$definition$15(DefinitionProvider.scala:150)
	at scala.concurrent.impl.Promise$Transformation.run(Promise.scala:470)
	at java.util.concurrent.ThreadPoolExecutor.runWorker(ThreadPoolExecutor.java:1136)
	at java.util.concurrent.ThreadPoolExecutor$Worker.run(ThreadPoolExecutor.java:635)
	at java.lang.Thread.run(Thread.java:840)
[0m
2025.08.01 09:38:25 INFO  Created report: Optional.empty[0m
2025.08.01 09:38:25 INFO  scala.meta.internal.mtags.IndexingExceptions$InvalidSymbolException: (). (full report at: "/home/qiu/chisel/mychisel/.metals/.reports/metals/2025-08-01/r_invalid-symbol_09-38-25-981.md")[0m
2025.08.01 09:38:25 ERROR searching for `().` failed
java.lang.RuntimeException: invalid symbol format
().
^
	at scala.sys.package$.error(package.scala:27)
	at scala.meta.internal.semanticdb.Scala$DescriptorParser.fail(Scala.scala:162)
	at scala.meta.internal.semanticdb.Scala$DescriptorParser.readChar(Scala.scala:174)
	at scala.meta.internal.semanticdb.Scala$DescriptorParser.parseValue(Scala.scala:190)
	at scala.meta.internal.semanticdb.Scala$DescriptorParser.parseDescriptor(Scala.scala:207)
	at scala.meta.internal.semanticdb.Scala$DescriptorParser.entryPoint(Scala.scala:230)
	at scala.meta.internal.semanticdb.Scala$DescriptorParser$.apply(Scala.scala:238)
	at scala.meta.internal.semanticdb.Scala$ScalaSymbolOps$.owner$extension(Scala.scala:78)
	at scala.meta.internal.mtags.Symbol.toplevel(Symbol.scala:50)
	at scala.meta.internal.mtags.SymbolIndexBucket.query0(SymbolIndexBucket.scala:212)
	at scala.meta.internal.mtags.SymbolIndexBucket.query(SymbolIndexBucket.scala:189)
	at scala.meta.internal.mtags.OnDemandSymbolIndex.$anonfun$findSymbolDefinition$1(OnDemandSymbolIndex.scala:142)
	at scala.collection.immutable.List.flatMap(List.scala:294)
	at scala.meta.internal.mtags.OnDemandSymbolIndex.findSymbolDefinition(OnDemandSymbolIndex.scala:142)
	at scala.meta.internal.mtags.OnDemandSymbolIndex.definition(OnDemandSymbolIndex.scala:48)
	at scala.meta.internal.metals.FallbackDefinitionProvider.findInIndex$1(FallbackDefinitionProvider.scala:131)
	at scala.meta.internal.metals.FallbackDefinitionProvider.$anonfun$search$15(FallbackDefinitionProvider.scala:140)
	at scala.collection.immutable.List.flatMap(List.scala:294)
	at scala.meta.internal.metals.FallbackDefinitionProvider.$anonfun$search$3(FallbackDefinitionProvider.scala:140)
	at scala.Option.map(Option.scala:242)
	at scala.meta.internal.metals.FallbackDefinitionProvider.$anonfun$search$2(FallbackDefinitionProvider.scala:47)
	at scala.Option.flatMap(Option.scala:283)
	at scala.meta.internal.metals.FallbackDefinitionProvider.$anonfun$search$1(FallbackDefinitionProvider.scala:44)
	at scala.Option.flatMap(Option.scala:283)
	at scala.meta.internal.metals.FallbackDefinitionProvider.search(FallbackDefinitionProvider.scala:43)
	at scala.meta.internal.metals.DefinitionProvider.fromFallback$1(DefinitionProvider.scala:126)
	at scala.meta.internal.metals.DefinitionProvider.$anonfun$definition$13(DefinitionProvider.scala:143)
	at scala.meta.internal.metals.DefinitionProvider.$anonfun$definition$15(DefinitionProvider.scala:150)
	at scala.concurrent.impl.Promise$Transformation.run(Promise.scala:470)
	at java.util.concurrent.ThreadPoolExecutor.runWorker(ThreadPoolExecutor.java:1136)
	at java.util.concurrent.ThreadPoolExecutor$Worker.run(ThreadPoolExecutor.java:635)
	at java.lang.Thread.run(Thread.java:840)
[0m
2025.08.01 09:38:25 WARN  Could not find 'U' using presentation compiler nor semanticdb. Trying to guess the definition using available information from local class context. [0m
2025.08.01 09:38:25 INFO  Created report: Optional[file:///home/qiu/chisel/mychisel/src/main/scala/top.scala][0m
2025.08.01 09:38:25 INFO  empty definition using pc, found symbol in pc:  (full report at: "/home/qiu/chisel/mychisel/.metals/.reports/metals-full/2025-08-01/r_empty-definition_(root)_09-38-26-548.md")[0m
2025.08.01 09:38:30 INFO  Created report: Optional[file:///home/qiu/chisel/mychisel/src/main/scala/top.scala][0m
2025.08.01 09:38:30 INFO  empty definition using pc, found symbol in pc:  (full report at: "/home/qiu/chisel/mychisel/.metals/.reports/metals-full/2025-08-01/r_empty-definition_(root)_09-38-30-799.md")[0m
2025.08.01 09:38:31 INFO  Created report: Optional.empty[0m
2025.08.01 09:38:31 INFO  scala.meta.internal.mtags.IndexingExceptions$InvalidSymbolException: . (full report at: "/home/qiu/chisel/mychisel/.metals/.reports/metals/2025-08-01/r_invalid-symbol_09-38-31-062.md")[0m
2025.08.01 09:38:31 ERROR searching for `.` failed
java.lang.RuntimeException: invalid symbol format
.
^
	at scala.sys.package$.error(package.scala:27)
	at scala.meta.internal.semanticdb.Scala$DescriptorParser.fail(Scala.scala:162)
	at scala.meta.internal.semanticdb.Scala$DescriptorParser.readChar(Scala.scala:174)
	at scala.meta.internal.semanticdb.Scala$DescriptorParser.parseValue(Scala.scala:190)
	at scala.meta.internal.semanticdb.Scala$DescriptorParser.parseDescriptor(Scala.scala:209)
	at scala.meta.internal.semanticdb.Scala$DescriptorParser.entryPoint(Scala.scala:230)
	at scala.meta.internal.semanticdb.Scala$DescriptorParser$.apply(Scala.scala:238)
	at scala.meta.internal.semanticdb.Scala$ScalaSymbolOps$.owner$extension(Scala.scala:78)
	at scala.meta.internal.mtags.Symbol.toplevel(Symbol.scala:50)
	at scala.meta.internal.mtags.SymbolIndexBucket.query0(SymbolIndexBucket.scala:212)
	at scala.meta.internal.mtags.SymbolIndexBucket.query(SymbolIndexBucket.scala:189)
	at scala.meta.internal.mtags.OnDemandSymbolIndex.$anonfun$findSymbolDefinition$1(OnDemandSymbolIndex.scala:142)
	at scala.collection.immutable.List.flatMap(List.scala:294)
	at scala.meta.internal.mtags.OnDemandSymbolIndex.findSymbolDefinition(OnDemandSymbolIndex.scala:142)
	at scala.meta.internal.mtags.OnDemandSymbolIndex.definition(OnDemandSymbolIndex.scala:48)
	at scala.meta.internal.metals.FallbackDefinitionProvider.findInIndex$1(FallbackDefinitionProvider.scala:131)
	at scala.meta.internal.metals.FallbackDefinitionProvider.$anonfun$search$15(FallbackDefinitionProvider.scala:140)
	at scala.collection.immutable.List.flatMap(List.scala:294)
	at scala.meta.internal.metals.FallbackDefinitionProvider.$anonfun$search$3(FallbackDefinitionProvider.scala:140)
	at scala.Option.map(Option.scala:242)
	at scala.meta.internal.metals.FallbackDefinitionProvider.$anonfun$search$2(FallbackDefinitionProvider.scala:47)
	at scala.Option.flatMap(Option.scala:283)
	at scala.meta.internal.metals.FallbackDefinitionProvider.$anonfun$search$1(FallbackDefinitionProvider.scala:44)
	at scala.Option.flatMap(Option.scala:283)
	at scala.meta.internal.metals.FallbackDefinitionProvider.search(FallbackDefinitionProvider.scala:43)
	at scala.meta.internal.metals.DefinitionProvider.fromFallback$1(DefinitionProvider.scala:126)
	at scala.meta.internal.metals.DefinitionProvider.$anonfun$definition$13(DefinitionProvider.scala:143)
	at scala.meta.internal.metals.DefinitionProvider.$anonfun$definition$15(DefinitionProvider.scala:150)
	at scala.concurrent.impl.Promise$Transformation.run(Promise.scala:470)
	at java.util.concurrent.ThreadPoolExecutor.runWorker(ThreadPoolExecutor.java:1136)
	at java.util.concurrent.ThreadPoolExecutor$Worker.run(ThreadPoolExecutor.java:635)
	at java.lang.Thread.run(Thread.java:840)
[0m
2025.08.01 09:38:31 INFO  Created report: Optional.empty[0m
2025.08.01 09:38:31 INFO  scala.meta.internal.mtags.IndexingExceptions$InvalidSymbolException: # (full report at: "/home/qiu/chisel/mychisel/.metals/.reports/metals/2025-08-01/r_invalid-symbol_09-38-31-064.md")[0m
2025.08.01 09:38:31 ERROR searching for `#` failed
java.lang.RuntimeException: invalid symbol format
#
^
	at scala.sys.package$.error(package.scala:27)
	at scala.meta.internal.semanticdb.Scala$DescriptorParser.fail(Scala.scala:162)
	at scala.meta.internal.semanticdb.Scala$DescriptorParser.readChar(Scala.scala:174)
	at scala.meta.internal.semanticdb.Scala$DescriptorParser.parseValue(Scala.scala:190)
	at scala.meta.internal.semanticdb.Scala$DescriptorParser.parseDescriptor(Scala.scala:212)
	at scala.meta.internal.semanticdb.Scala$DescriptorParser.entryPoint(Scala.scala:230)
	at scala.meta.internal.semanticdb.Scala$DescriptorParser$.apply(Scala.scala:238)
	at scala.meta.internal.semanticdb.Scala$ScalaSymbolOps$.owner$extension(Scala.scala:78)
	at scala.meta.internal.mtags.Symbol.toplevel(Symbol.scala:50)
	at scala.meta.internal.mtags.SymbolIndexBucket.query0(SymbolIndexBucket.scala:212)
	at scala.meta.internal.mtags.SymbolIndexBucket.query(SymbolIndexBucket.scala:189)
	at scala.meta.internal.mtags.OnDemandSymbolIndex.$anonfun$findSymbolDefinition$1(OnDemandSymbolIndex.scala:142)
	at scala.collection.immutable.List.flatMap(List.scala:294)
	at scala.meta.internal.mtags.OnDemandSymbolIndex.findSymbolDefinition(OnDemandSymbolIndex.scala:142)
	at scala.meta.internal.mtags.OnDemandSymbolIndex.definition(OnDemandSymbolIndex.scala:48)
	at scala.meta.internal.metals.FallbackDefinitionProvider.findInIndex$1(FallbackDefinitionProvider.scala:131)
	at scala.meta.internal.metals.FallbackDefinitionProvider.$anonfun$search$15(FallbackDefinitionProvider.scala:140)
	at scala.collection.immutable.List.flatMap(List.scala:294)
	at scala.meta.internal.metals.FallbackDefinitionProvider.$anonfun$search$3(FallbackDefinitionProvider.scala:140)
	at scala.Option.map(Option.scala:242)
	at scala.meta.internal.metals.FallbackDefinitionProvider.$anonfun$search$2(FallbackDefinitionProvider.scala:47)
	at scala.Option.flatMap(Option.scala:283)
	at scala.meta.internal.metals.FallbackDefinitionProvider.$anonfun$search$1(FallbackDefinitionProvider.scala:44)
	at scala.Option.flatMap(Option.scala:283)
	at scala.meta.internal.metals.FallbackDefinitionProvider.search(FallbackDefinitionProvider.scala:43)
	at scala.meta.internal.metals.DefinitionProvider.fromFallback$1(DefinitionProvider.scala:126)
	at scala.meta.internal.metals.DefinitionProvider.$anonfun$definition$13(DefinitionProvider.scala:143)
	at scala.meta.internal.metals.DefinitionProvider.$anonfun$definition$15(DefinitionProvider.scala:150)
	at scala.concurrent.impl.Promise$Transformation.run(Promise.scala:470)
	at java.util.concurrent.ThreadPoolExecutor.runWorker(ThreadPoolExecutor.java:1136)
	at java.util.concurrent.ThreadPoolExecutor$Worker.run(ThreadPoolExecutor.java:635)
	at java.lang.Thread.run(Thread.java:840)
[0m
2025.08.01 09:38:31 INFO  Created report: Optional.empty[0m
2025.08.01 09:38:31 INFO  scala.meta.internal.mtags.IndexingExceptions$InvalidSymbolException: (). (full report at: "/home/qiu/chisel/mychisel/.metals/.reports/metals/2025-08-01/r_invalid-symbol_09-38-31-066.md")[0m
2025.08.01 09:38:31 ERROR searching for `().` failed
java.lang.RuntimeException: invalid symbol format
().
^
	at scala.sys.package$.error(package.scala:27)
	at scala.meta.internal.semanticdb.Scala$DescriptorParser.fail(Scala.scala:162)
	at scala.meta.internal.semanticdb.Scala$DescriptorParser.readChar(Scala.scala:174)
	at scala.meta.internal.semanticdb.Scala$DescriptorParser.parseValue(Scala.scala:190)
	at scala.meta.internal.semanticdb.Scala$DescriptorParser.parseDescriptor(Scala.scala:207)
	at scala.meta.internal.semanticdb.Scala$DescriptorParser.entryPoint(Scala.scala:230)
	at scala.meta.internal.semanticdb.Scala$DescriptorParser$.apply(Scala.scala:238)
	at scala.meta.internal.semanticdb.Scala$ScalaSymbolOps$.owner$extension(Scala.scala:78)
	at scala.meta.internal.mtags.Symbol.toplevel(Symbol.scala:50)
	at scala.meta.internal.mtags.SymbolIndexBucket.query0(SymbolIndexBucket.scala:212)
	at scala.meta.internal.mtags.SymbolIndexBucket.query(SymbolIndexBucket.scala:189)
	at scala.meta.internal.mtags.OnDemandSymbolIndex.$anonfun$findSymbolDefinition$1(OnDemandSymbolIndex.scala:142)
	at scala.collection.immutable.List.flatMap(List.scala:294)
	at scala.meta.internal.mtags.OnDemandSymbolIndex.findSymbolDefinition(OnDemandSymbolIndex.scala:142)
	at scala.meta.internal.mtags.OnDemandSymbolIndex.definition(OnDemandSymbolIndex.scala:48)
	at scala.meta.internal.metals.FallbackDefinitionProvider.findInIndex$1(FallbackDefinitionProvider.scala:131)
	at scala.meta.internal.metals.FallbackDefinitionProvider.$anonfun$search$15(FallbackDefinitionProvider.scala:140)
	at scala.collection.immutable.List.flatMap(List.scala:294)
	at scala.meta.internal.metals.FallbackDefinitionProvider.$anonfun$search$3(FallbackDefinitionProvider.scala:140)
	at scala.Option.map(Option.scala:242)
	at scala.meta.internal.metals.FallbackDefinitionProvider.$anonfun$search$2(FallbackDefinitionProvider.scala:47)
	at scala.Option.flatMap(Option.scala:283)
	at scala.meta.internal.metals.FallbackDefinitionProvider.$anonfun$search$1(FallbackDefinitionProvider.scala:44)
	at scala.Option.flatMap(Option.scala:283)
	at scala.meta.internal.metals.FallbackDefinitionProvider.search(FallbackDefinitionProvider.scala:43)
	at scala.meta.internal.metals.DefinitionProvider.fromFallback$1(DefinitionProvider.scala:126)
	at scala.meta.internal.metals.DefinitionProvider.$anonfun$definition$13(DefinitionProvider.scala:143)
	at scala.meta.internal.metals.DefinitionProvider.$anonfun$definition$15(DefinitionProvider.scala:150)
	at scala.concurrent.impl.Promise$Transformation.run(Promise.scala:470)
	at java.util.concurrent.ThreadPoolExecutor.runWorker(ThreadPoolExecutor.java:1136)
	at java.util.concurrent.ThreadPoolExecutor$Worker.run(ThreadPoolExecutor.java:635)
	at java.lang.Thread.run(Thread.java:840)
[0m
2025.08.01 09:38:31 WARN  Could not find 'U' using presentation compiler nor semanticdb. Trying to guess the definition using available information from local class context. [0m
2025.08.01 09:38:31 INFO  empty definition using pc, found symbol in pc:  (full report at: "/home/qiu/chisel/mychisel/.metals/.reports/metals-full/2025-08-01/r_empty-definition_(root)_09-38-26-548.md")[0m
2025.08.01 09:38:31 INFO  Created report: Optional[file:///home/qiu/chisel/mychisel/src/main/scala/top.scala][0m
2025.08.01 09:38:31 INFO  empty definition using pc, found symbol in pc:  (full report at: "/home/qiu/chisel/mychisel/.metals/.reports/metals-full/2025-08-01/r_empty-definition_(root)_09-38-31-148.md")[0m
2025.08.01 09:38:31 INFO  Created report: Optional[file:///home/qiu/chisel/mychisel/src/main/scala/top.scala][0m
2025.08.01 09:38:31 INFO  Created report: Optional.empty[0m
2025.08.01 09:38:31 INFO  empty definition using pc, found symbol in pc:  (full report at: "/home/qiu/chisel/mychisel/.metals/.reports/metals-full/2025-08-01/r_empty-definition_(root)_09-38-31-251.md")[0m
2025.08.01 09:38:31 INFO  scala.meta.internal.mtags.IndexingExceptions$InvalidSymbolException: . (full report at: "/home/qiu/chisel/mychisel/.metals/.reports/metals/2025-08-01/r_invalid-symbol_09-38-31-253.md")[0m
2025.08.01 09:38:31 ERROR searching for `.` failed
java.lang.RuntimeException: invalid symbol format
.
^
	at scala.sys.package$.error(package.scala:27)
	at scala.meta.internal.semanticdb.Scala$DescriptorParser.fail(Scala.scala:162)
	at scala.meta.internal.semanticdb.Scala$DescriptorParser.readChar(Scala.scala:174)
	at scala.meta.internal.semanticdb.Scala$DescriptorParser.parseValue(Scala.scala:190)
	at scala.meta.internal.semanticdb.Scala$DescriptorParser.parseDescriptor(Scala.scala:209)
	at scala.meta.internal.semanticdb.Scala$DescriptorParser.entryPoint(Scala.scala:230)
	at scala.meta.internal.semanticdb.Scala$DescriptorParser$.apply(Scala.scala:238)
	at scala.meta.internal.semanticdb.Scala$ScalaSymbolOps$.owner$extension(Scala.scala:78)
	at scala.meta.internal.mtags.Symbol.toplevel(Symbol.scala:50)
	at scala.meta.internal.mtags.SymbolIndexBucket.query0(SymbolIndexBucket.scala:212)
	at scala.meta.internal.mtags.SymbolIndexBucket.query(SymbolIndexBucket.scala:189)
	at scala.meta.internal.mtags.OnDemandSymbolIndex.$anonfun$findSymbolDefinition$1(OnDemandSymbolIndex.scala:142)
	at scala.collection.immutable.List.flatMap(List.scala:294)
	at scala.meta.internal.mtags.OnDemandSymbolIndex.findSymbolDefinition(OnDemandSymbolIndex.scala:142)
	at scala.meta.internal.mtags.OnDemandSymbolIndex.definition(OnDemandSymbolIndex.scala:48)
	at scala.meta.internal.metals.FallbackDefinitionProvider.findInIndex$1(FallbackDefinitionProvider.scala:131)
	at scala.meta.internal.metals.FallbackDefinitionProvider.$anonfun$search$15(FallbackDefinitionProvider.scala:140)
	at scala.collection.immutable.List.flatMap(List.scala:294)
	at scala.meta.internal.metals.FallbackDefinitionProvider.$anonfun$search$3(FallbackDefinitionProvider.scala:140)
	at scala.Option.map(Option.scala:242)
	at scala.meta.internal.metals.FallbackDefinitionProvider.$anonfun$search$2(FallbackDefinitionProvider.scala:47)
	at scala.Option.flatMap(Option.scala:283)
	at scala.meta.internal.metals.FallbackDefinitionProvider.$anonfun$search$1(FallbackDefinitionProvider.scala:44)
	at scala.Option.flatMap(Option.scala:283)
	at scala.meta.internal.metals.FallbackDefinitionProvider.search(FallbackDefinitionProvider.scala:43)
	at scala.meta.internal.metals.DefinitionProvider.fromFallback$1(DefinitionProvider.scala:126)
	at scala.meta.internal.metals.DefinitionProvider.$anonfun$definition$13(DefinitionProvider.scala:143)
	at scala.meta.internal.metals.DefinitionProvider.$anonfun$definition$15(DefinitionProvider.scala:150)
	at scala.concurrent.impl.Promise$Transformation.run(Promise.scala:470)
	at java.util.concurrent.ThreadPoolExecutor.runWorker(ThreadPoolExecutor.java:1136)
	at java.util.concurrent.ThreadPoolExecutor$Worker.run(ThreadPoolExecutor.java:635)
	at java.lang.Thread.run(Thread.java:840)
[0m
2025.08.01 09:38:31 INFO  Created report: Optional.empty[0m
2025.08.01 09:38:31 INFO  Created report: Optional[file:///home/qiu/chisel/mychisel/src/main/scala/top.scala][0m
2025.08.01 09:38:31 INFO  empty definition using pc, found symbol in pc:  (full report at: "/home/qiu/chisel/mychisel/.metals/.reports/metals-full/2025-08-01/r_empty-definition_(root)_09-38-31-257.md")[0m
2025.08.01 09:38:31 INFO  scala.meta.internal.mtags.IndexingExceptions$InvalidSymbolException: # (full report at: "/home/qiu/chisel/mychisel/.metals/.reports/metals/2025-08-01/r_invalid-symbol_09-38-31-257.md")[0m
2025.08.01 09:38:31 ERROR searching for `#` failed
java.lang.RuntimeException: invalid symbol format
#
^
	at scala.sys.package$.error(package.scala:27)
	at scala.meta.internal.semanticdb.Scala$DescriptorParser.fail(Scala.scala:162)
	at scala.meta.internal.semanticdb.Scala$DescriptorParser.readChar(Scala.scala:174)
	at scala.meta.internal.semanticdb.Scala$DescriptorParser.parseValue(Scala.scala:190)
	at scala.meta.internal.semanticdb.Scala$DescriptorParser.parseDescriptor(Scala.scala:212)
	at scala.meta.internal.semanticdb.Scala$DescriptorParser.entryPoint(Scala.scala:230)
	at scala.meta.internal.semanticdb.Scala$DescriptorParser$.apply(Scala.scala:238)
	at scala.meta.internal.semanticdb.Scala$ScalaSymbolOps$.owner$extension(Scala.scala:78)
	at scala.meta.internal.mtags.Symbol.toplevel(Symbol.scala:50)
	at scala.meta.internal.mtags.SymbolIndexBucket.query0(SymbolIndexBucket.scala:212)
	at scala.meta.internal.mtags.SymbolIndexBucket.query(SymbolIndexBucket.scala:189)
	at scala.meta.internal.mtags.OnDemandSymbolIndex.$anonfun$findSymbolDefinition$1(OnDemandSymbolIndex.scala:142)
	at scala.collection.immutable.List.flatMap(List.scala:294)
	at scala.meta.internal.mtags.OnDemandSymbolIndex.findSymbolDefinition(OnDemandSymbolIndex.scala:142)
	at scala.meta.internal.mtags.OnDemandSymbolIndex.definition(OnDemandSymbolIndex.scala:48)
	at scala.meta.internal.metals.FallbackDefinitionProvider.findInIndex$1(FallbackDefinitionProvider.scala:131)
	at scala.meta.internal.metals.FallbackDefinitionProvider.$anonfun$search$15(FallbackDefinitionProvider.scala:140)
	at scala.collection.immutable.List.flatMap(List.scala:294)
	at scala.meta.internal.metals.FallbackDefinitionProvider.$anonfun$search$3(FallbackDefinitionProvider.scala:140)
	at scala.Option.map(Option.scala:242)
	at scala.meta.internal.metals.FallbackDefinitionProvider.$anonfun$search$2(FallbackDefinitionProvider.scala:47)
	at scala.Option.flatMap(Option.scala:283)
	at scala.meta.internal.metals.FallbackDefinitionProvider.$anonfun$search$1(FallbackDefinitionProvider.scala:44)
	at scala.Option.flatMap(Option.scala:283)
	at scala.meta.internal.metals.FallbackDefinitionProvider.search(FallbackDefinitionProvider.scala:43)
	at scala.meta.internal.metals.DefinitionProvider.fromFallback$1(DefinitionProvider.scala:126)
	at scala.meta.internal.metals.DefinitionProvider.$anonfun$definition$13(DefinitionProvider.scala:143)
	at scala.meta.internal.metals.DefinitionProvider.$anonfun$definition$15(DefinitionProvider.scala:150)
	at scala.concurrent.impl.Promise$Transformation.run(Promise.scala:470)
	at java.util.concurrent.ThreadPoolExecutor.runWorker(ThreadPoolExecutor.java:1136)
	at java.util.concurrent.ThreadPoolExecutor$Worker.run(ThreadPoolExecutor.java:635)
	at java.lang.Thread.run(Thread.java:840)
[0m
2025.08.01 09:38:31 INFO  Created report: Optional.empty[0m
2025.08.01 09:38:31 INFO  scala.meta.internal.mtags.IndexingExceptions$InvalidSymbolException: (). (full report at: "/home/qiu/chisel/mychisel/.metals/.reports/metals/2025-08-01/r_invalid-symbol_09-38-31-265.md")[0m
2025.08.01 09:38:31 ERROR searching for `().` failed
java.lang.RuntimeException: invalid symbol format
().
^
	at scala.sys.package$.error(package.scala:27)
	at scala.meta.internal.semanticdb.Scala$DescriptorParser.fail(Scala.scala:162)
	at scala.meta.internal.semanticdb.Scala$DescriptorParser.readChar(Scala.scala:174)
	at scala.meta.internal.semanticdb.Scala$DescriptorParser.parseValue(Scala.scala:190)
	at scala.meta.internal.semanticdb.Scala$DescriptorParser.parseDescriptor(Scala.scala:207)
	at scala.meta.internal.semanticdb.Scala$DescriptorParser.entryPoint(Scala.scala:230)
	at scala.meta.internal.semanticdb.Scala$DescriptorParser$.apply(Scala.scala:238)
	at scala.meta.internal.semanticdb.Scala$ScalaSymbolOps$.owner$extension(Scala.scala:78)
	at scala.meta.internal.mtags.Symbol.toplevel(Symbol.scala:50)
	at scala.meta.internal.mtags.SymbolIndexBucket.query0(SymbolIndexBucket.scala:212)
	at scala.meta.internal.mtags.SymbolIndexBucket.query(SymbolIndexBucket.scala:189)
	at scala.meta.internal.mtags.OnDemandSymbolIndex.$anonfun$findSymbolDefinition$1(OnDemandSymbolIndex.scala:142)
	at scala.collection.immutable.List.flatMap(List.scala:294)
	at scala.meta.internal.mtags.OnDemandSymbolIndex.findSymbolDefinition(OnDemandSymbolIndex.scala:142)
	at scala.meta.internal.mtags.OnDemandSymbolIndex.definition(OnDemandSymbolIndex.scala:48)
	at scala.meta.internal.metals.FallbackDefinitionProvider.findInIndex$1(FallbackDefinitionProvider.scala:131)
	at scala.meta.internal.metals.FallbackDefinitionProvider.$anonfun$search$15(FallbackDefinitionProvider.scala:140)
	at scala.collection.immutable.List.flatMap(List.scala:294)
	at scala.meta.internal.metals.FallbackDefinitionProvider.$anonfun$search$3(FallbackDefinitionProvider.scala:140)
	at scala.Option.map(Option.scala:242)
	at scala.meta.internal.metals.FallbackDefinitionProvider.$anonfun$search$2(FallbackDefinitionProvider.scala:47)
	at scala.Option.flatMap(Option.scala:283)
	at scala.meta.internal.metals.FallbackDefinitionProvider.$anonfun$search$1(FallbackDefinitionProvider.scala:44)
	at scala.Option.flatMap(Option.scala:283)
	at scala.meta.internal.metals.FallbackDefinitionProvider.search(FallbackDefinitionProvider.scala:43)
	at scala.meta.internal.metals.DefinitionProvider.fromFallback$1(DefinitionProvider.scala:126)
	at scala.meta.internal.metals.DefinitionProvider.$anonfun$definition$13(DefinitionProvider.scala:143)
	at scala.meta.internal.metals.DefinitionProvider.$anonfun$definition$15(DefinitionProvider.scala:150)
	at scala.concurrent.impl.Promise$Transformation.run(Promise.scala:470)
	at java.util.concurrent.ThreadPoolExecutor.runWorker(ThreadPoolExecutor.java:1136)
	at java.util.concurrent.ThreadPoolExecutor$Worker.run(ThreadPoolExecutor.java:635)
	at java.lang.Thread.run(Thread.java:840)
[0m
2025.08.01 09:38:31 WARN  Could not find 'U' using presentation compiler nor semanticdb. Trying to guess the definition using available information from local class context. [0m
2025.08.01 09:38:31 INFO  empty definition using pc, found symbol in pc:  (full report at: "/home/qiu/chisel/mychisel/.metals/.reports/metals-full/2025-08-01/r_empty-definition_(root)_09-38-26-548.md")[0m
2025.08.01 09:38:31 INFO  Created report: Optional[file:///home/qiu/chisel/mychisel/src/main/scala/top.scala][0m
2025.08.01 09:38:31 INFO  empty definition using pc, found symbol in pc:  (full report at: "/home/qiu/chisel/mychisel/.metals/.reports/metals-full/2025-08-01/r_empty-definition_(root)_09-38-31-965.md")[0m
2025.08.01 09:38:31 INFO  Created report: Optional[file:///home/qiu/chisel/mychisel/src/main/scala/top.scala][0m
2025.08.01 09:38:31 INFO  empty definition using pc, found symbol in pc:  (full report at: "/home/qiu/chisel/mychisel/.metals/.reports/metals-full/2025-08-01/r_empty-definition_(root)_09-38-31-968.md")[0m
2025.08.01 09:38:33 INFO  Created report: Optional[file:///home/qiu/chisel/mychisel/src/main/scala/top.scala][0m
2025.08.01 09:38:33 INFO  empty definition using pc, found symbol in pc:  (full report at: "/home/qiu/chisel/mychisel/.metals/.reports/metals-full/2025-08-01/r_empty-definition_(root)_09-38-33-328.md")[0m
2025.08.01 09:38:33 INFO  Created report: Optional[file:///home/qiu/chisel/mychisel/src/main/scala/top.scala][0m
2025.08.01 09:38:33 INFO  empty definition using pc, found symbol in pc:  (full report at: "/home/qiu/chisel/mychisel/.metals/.reports/metals-full/2025-08-01/r_empty-definition_(root)_09-38-33-357.md")[0m
2025.08.01 09:38:33 INFO  Created report: Optional[file:///home/qiu/chisel/mychisel/src/main/scala/top.scala][0m
2025.08.01 09:38:33 INFO  empty definition using pc, found symbol in pc:  (full report at: "/home/qiu/chisel/mychisel/.metals/.reports/metals-full/2025-08-01/r_empty-definition_(root)_09-38-33-379.md")[0m
2025.08.01 09:38:33 INFO  Created report: Optional[file:///home/qiu/chisel/mychisel/src/main/scala/top.scala][0m
2025.08.01 09:38:33 INFO  empty definition using pc, found symbol in pc:  (full report at: "/home/qiu/chisel/mychisel/.metals/.reports/metals-full/2025-08-01/r_empty-definition_(root)_09-38-33-428.md")[0m
2025.08.01 09:38:33 INFO  Created report: Optional[file:///home/qiu/chisel/mychisel/src/main/scala/top.scala][0m
2025.08.01 09:38:33 INFO  empty definition using pc, found symbol in pc:  (full report at: "/home/qiu/chisel/mychisel/.metals/.reports/metals-full/2025-08-01/r_empty-definition_(root)_09-38-33-459.md")[0m
2025.08.01 09:38:33 INFO  Created report: Optional[file:///home/qiu/chisel/mychisel/src/main/scala/top.scala][0m
2025.08.01 09:38:33 INFO  empty definition using pc, found symbol in pc:  (full report at: "/home/qiu/chisel/mychisel/.metals/.reports/metals-full/2025-08-01/r_empty-definition_(root)_09-38-33-492.md")[0m
2025.08.01 09:38:33 INFO  Created report: Optional[file:///home/qiu/chisel/mychisel/src/main/scala/top.scala][0m
2025.08.01 09:38:33 INFO  empty definition using pc, found symbol in pc:  (full report at: "/home/qiu/chisel/mychisel/.metals/.reports/metals-full/2025-08-01/r_empty-definition_(root)_09-38-33-520.md")[0m
2025.08.01 09:38:33 INFO  Created report: Optional[file:///home/qiu/chisel/mychisel/src/main/scala/top.scala][0m
2025.08.01 09:38:33 INFO  empty definition using pc, found symbol in pc:  (full report at: "/home/qiu/chisel/mychisel/.metals/.reports/metals-full/2025-08-01/r_empty-definition_(root)_09-38-33-542.md")[0m
2025.08.01 09:38:33 INFO  Created report: Optional[file:///home/qiu/chisel/mychisel/src/main/scala/top.scala][0m
2025.08.01 09:38:33 INFO  empty definition using pc, found symbol in pc:  (full report at: "/home/qiu/chisel/mychisel/.metals/.reports/metals-full/2025-08-01/r_empty-definition_(root)_09-38-33-570.md")[0m
2025.08.01 09:38:33 INFO  Created report: Optional[file:///home/qiu/chisel/mychisel/src/main/scala/top.scala][0m
2025.08.01 09:38:33 INFO  empty definition using pc, found symbol in pc:  (full report at: "/home/qiu/chisel/mychisel/.metals/.reports/metals-full/2025-08-01/r_empty-definition_(root)_09-38-33-592.md")[0m
2025.08.01 09:38:35 INFO  compiling root (1 scala source)[0m
2025.08.01 09:38:37 INFO  time: compiled root in 1.95s[0m
Aug 01, 2025 9:48:05 AM org.eclipse.lsp4j.jsonrpc.services.GenericEndpoint notify
INFO: Unsupported notification method: $/setTrace
2025.08.01 10:14:56 INFO  Shutting down server[0m
2025.08.01 10:14:56 INFO  shutting down Metals[0m
2025.08.01 10:14:56 INFO  Shut down connection with build server.[0m
2025.08.01 10:14:56 INFO  Shut down connection with build server.[0m
2025.08.01 10:14:56 INFO  Shut down connection with build server.[0m
2025.08.01 10:14:56 INFO  Exiting server[0m
